Id;Entity type;Created by;Created date;Last changed by;Last changed;Dataset;Show in dataset;Status;Name;Alternative name;Other name;Not recommended name;Disambiguation;Description;Technical description;Sequence number;Code;History;Part of collection;Building type;Time;Measurement;Activity;Heritage designation;Has part;Is part of;Was part of at time;Had part at time;Events;Same As;Same As (URL);Same as (internal);See also;Owned by;Replaced by;Replaces;Note;Free Note;Internal note;Topic;Semantic Note;Reference;Web reference;Alternative id;Editorial note;History note;Change note;Place holder;Source URI;Source URL;License;Attribution;Attribution URL
8ab844f4-8c83-4e5f-a59f-837dbdfd4631;Building;dd5fb8ca-f314-4dbe-ae24-12a23bf57195;26/10/2016 14:48:31;d60be37a-1a45-4aa8-819b-4db938095dda;11/08/2022 08:53:01;"Skansens byggnader (Skansen) [sv]";;"Published";"Apoteket, Skansen [sv]";"SKABYG.0010502 [sv]";;;;;;;;;;"Museal byggnad [sv]";;;;;"";"Petissans gård, Skansen (Museal byggnadsmiljö) [sv]";;;;"http://www.wikidata.org/entity/Q10416122";;;;;;;;;;;;;;"Skansen Primus ObjektId: 42976|Skansen Primus Identifikationsnummer: SKABYG.0010502";;;;"No";;;"Public Domain Dedication (CC0)";;
7455636c-f30f-4acf-a690-f30f861061b3;Building;dd5fb8ca-f314-4dbe-ae24-12a23bf57195;26/10/2016 14:48:41;d60be37a-1a45-4aa8-819b-4db938095dda;12/08/2022 08:32:23;"Skansens byggnader (Skansen) [sv]";;"Published";"Back-Mats stuga, Moragården, Skansen [sv]";;;;;;;;;;;"Museal byggnad [sv]";;;;;"";"Moragården, Skansen (Museal byggnadsmiljö) [sv]";;;;"http://www.wikidata.org/entity/Q60195546";"https://www.wikidata.org/wiki/Q60195546|https://digitaltmuseum.org/7EF0E69E-2DC5-4735-88FA-D96F5FB14E6E";;;;;;;;;;;;;"Skansen Primus ObjektId: 67276|Skansen Primus Identifikationsnummer: SKABYG.0030503";;;;"No";;;"Public Domain Dedication (CC0)";;
ac2562d2-09cd-43c3-b48b-30baaf722639;Building;dd5fb8ca-f314-4dbe-ae24-12a23bf57195;26/10/2016 14:48:39;7b89c094-da28-4fdb-bcd2-ce0db0df923e;26/09/2017 15:58:52;"Skansens byggnader (Skansen) [sv]";;"Published";"Bagarstugan, Skansen [sv]";;;;;;;;;;;"Museal byggnad [sv]";;;;;;"Bagarstugan, Skansen (Museal byggnadsmiljö) [sv]";;;;;;;;;;;;;;;;;;"Skansen Primus ObjektId: 42217|Skansen Primus Identifikationsnummer: SKABYG.0030201";;;;"No";;;"Public Domain Dedication (CC0)";;
3c43c4e2-cde0-4d20-b64c-706c4e4178d7;Building;dd5fb8ca-f314-4dbe-ae24-12a23bf57195;26/10/2016 14:48:33;d60be37a-1a45-4aa8-819b-4db938095dda;12/08/2022 13:17:58;"Skansens byggnader (Skansen) [sv]";;"Published";"Bageriet, Skansen [sv]";;;;;;;;;;;"Museal byggnad [sv]";;;;;"";"Bagerigården, Skansen (Museal byggnadsmiljö) [sv]";;;;"http://www.wikidata.org/entity/Q10424669";;;;;;;;;;;;;;"Skansen Primus ObjektId: 42227|Skansen Primus Identifikationsnummer: SKABYG.0011101";;;;"No";;;"Public Domain Dedication (CC0)";;
38570ca8-77c0-475c-96b5-3ab3ec4ef3a3;Building;dd5fb8ca-f314-4dbe-ae24-12a23bf57195;26/10/2016 14:48:38;6c9f4972-d510-4e68-a525-18e8a3ff27f0;12/10/2018 15:46:26;"Skansens byggnader (Skansen) [sv]";;"Published";"Bastun, Älvrosgården, Skansen [sv]";;;;;;;;;;;"Museal byggnad [sv]";;;;;;"Älvrosgården, Skansen (Museal byggnadsmiljö) [sv]";;;;;;;;;;;;;;;;;;"Skansen Primus ObjektId: 43074|Skansen Primus Identifikationsnummer: SKABYG.0030106";;;;"No";;;"Public Domain Dedication (CC0)";;
3f36a316-4e44-4eed-b3a5-cf5b62e2e501;Building;dd5fb8ca-f314-4dbe-ae24-12a23bf57195;26/10/2016 14:48:43;6c9f4972-d510-4e68-a525-18e8a3ff27f0;12/10/2018 16:03:39;"Skansens byggnader (Skansen) [sv]";;"Published";"Bergkarlåsloftet, Moragården, Skansen [sv]";;;;;;;;;;;"Museal byggnad [sv]";;;;;;"Moragården, Skansen (Museal byggnadsmiljö) [sv]";;;;;;;;;;;;;;;;;;"Skansen Primus ObjektId: 67278|Skansen Primus Identifikationsnummer: SKABYG.0030505";;;;"No";;;"Public Domain Dedication (CC0)";;
45489cc4-6b6c-410d-9d41-39b92abaf1bc;Building;dd5fb8ca-f314-4dbe-ae24-12a23bf57195;26/10/2016 14:49:07;6c9f4972-d510-4e68-a525-18e8a3ff27f0;25/09/2018 11:21:35;"Skansens byggnader (Skansen) [sv]";;"Published";"Biblioteksflygeln, Skogaholms herrgård, Skansen [sv]";;;;;;;;;;;"Museal byggnad [sv]";;;;;;"Skogaholm, Skansen (Museal byggnadsmiljö) [sv]";;;;;;;;;;;;;;;;;;"Skansen Primus ObjektId: 67333|Skansen Primus Identifikationsnummer: SKABYG.0080803";;;;"No";;;"Public Domain Dedication (CC0)";;
a61fa0de-6fdd-4c55-bce4-9f42026cfecf;Building;dd5fb8ca-f314-4dbe-ae24-12a23bf57195;26/10/2016 14:49:11;7b89c094-da28-4fdb-bcd2-ce0db0df923e;26/09/2017 15:58:52;"Skansens byggnader (Skansen) [sv]";;"Published";"Bobergs observatorium, Skansen [sv]";;;;;;;;;;;"Museal byggnad [sv]";;;;;;"Bobergs observatorium, Skansen (Museal byggnadsmiljö) [sv]";;;;;;;;;;;;;;;;;;"Skansen Primus ObjektId: 42628|Skansen Primus Identifikationsnummer: SKABYG.0090201";;;;"No";;;"Public Domain Dedication (CC0)";;
b9ef4b51-2b5e-4a3a-81f7-3de0bca98877;Building;dd5fb8ca-f314-4dbe-ae24-12a23bf57195;26/10/2016 14:49:08;6c9f4972-d510-4e68-a525-18e8a3ff27f0;10/10/2018 16:19:23;"Skansens byggnader (Skansen) [sv]";;"Published";"Bod nr 1, Marknadsgatan, Skansen [sv]";;;;;;;;;;;"Museal byggnad [sv]";;;;;;"Marknadsgatan, Skansen (Museal byggnadsmiljö) [sv]";;;;;;;;;;;;;;;;;;"Skansen Primus ObjektId: 67256|Skansen Primus Identifikationsnummer: SKABYG.0080901";;;;"No";;;"Public Domain Dedication (CC0)";;
08f49af8-dfc5-439e-8c9b-89ca96a3d3a9;Building;dd5fb8ca-f314-4dbe-ae24-12a23bf57195;26/10/2016 14:49:08;6c9f4972-d510-4e68-a525-18e8a3ff27f0;10/10/2018 16:20:26;"Skansens byggnader (Skansen) [sv]";;"Published";"Bod nr 10, Marknadsgatan, Skansen [sv]";;;;;;;;;;;"Museal byggnad [sv]";;;;;;"Marknadsgatan, Skansen (Museal byggnadsmiljö) [sv]";;;;;;;;;;;;;;;;;;"Skansen Primus ObjektId: 67265|Skansen Primus Identifikationsnummer: SKABYG.0080910";;;;"No";;;"Public Domain Dedication (CC0)";;
12994cfe-574a-494e-bdce-3cb62e6b589c;Building;dd5fb8ca-f314-4dbe-ae24-12a23bf57195;26/10/2016 14:49:08;6c9f4972-d510-4e68-a525-18e8a3ff27f0;08/04/2019 13:39:47;"Skansens byggnader (Skansen) [sv]";;"Published";"Bod nr 11, Marknadsgatan, Skansen [sv]";;;;;;;;;;;"Museal byggnad [sv]";;;;;;"Marknadsgatan, Skansen (Museal byggnadsmiljö) [sv]";;;;;;;;;;;;;;;;;;"Skansen Primus ObjektId: 67266|Skansen Primus Identifikationsnummer: SKABYG.0080911";;;;"No";;;"Public Domain Dedication (CC0)";;
ca515c07-a461-4bc4-b3b5-901bb6c306d4;Building;dd5fb8ca-f314-4dbe-ae24-12a23bf57195;26/10/2016 14:49:08;6c9f4972-d510-4e68-a525-18e8a3ff27f0;08/04/2019 13:40:34;"Skansens byggnader (Skansen) [sv]";;"Published";"Bod nr 12, Marknadsgatan, Skansen [sv]";;;;;;;;;;;"Museal byggnad [sv]";;;;;;"Marknadsgatan, Skansen (Museal byggnadsmiljö) [sv]";;;;;;;;;;;;;;;;;;"Skansen Primus ObjektId: 67267|Skansen Primus Identifikationsnummer: SKABYG.0080912";;;;"No";;;"Public Domain Dedication (CC0)";;
a5e5030a-8253-43c0-9869-db18609ecdd1;Building;dd5fb8ca-f314-4dbe-ae24-12a23bf57195;26/10/2016 14:49:08;6c9f4972-d510-4e68-a525-18e8a3ff27f0;08/04/2019 13:41:16;"Skansens byggnader (Skansen) [sv]";;"Published";"Bod nr 13, Marknadsgatan, Skansen [sv]";;;;;;;;;;;"Museal byggnad [sv]";;;;;;"Marknadsgatan, Skansen (Museal byggnadsmiljö) [sv]";;;;;;;;;;;;;;;;;;"Skansen Primus ObjektId: 67268|Skansen Primus Identifikationsnummer: SKABYG.0080913";;;;"No";;;"Public Domain Dedication (CC0)";;
5f8c5039-5cca-4d05-8558-2596b15df3e3;Building;dd5fb8ca-f314-4dbe-ae24-12a23bf57195;26/10/2016 14:49:09;6c9f4972-d510-4e68-a525-18e8a3ff27f0;08/04/2019 13:42:47;"Skansens byggnader (Skansen) [sv]";;"Published";"Bod nr 14, Nya Krogen, Marknadsgatan, Skansen [sv]";;;;;;;;;;;"Museal byggnad [sv]";;;;;;"Marknadsgatan, Skansen (Museal byggnadsmiljö) [sv]";;;;;;;;;;;;;;;;;;"Skansen Primus ObjektId: 67269|Skansen Primus Identifikationsnummer: SKABYG.0080914";;;;"No";;;"Public Domain Dedication (CC0)";;
4b5babb0-1be3-488e-9801-5bd03480a0f9;Building;dd5fb8ca-f314-4dbe-ae24-12a23bf57195;26/10/2016 14:49:09;6c9f4972-d510-4e68-a525-18e8a3ff27f0;08/04/2019 13:43:24;"Skansens byggnader (Skansen) [sv]";;"Published";"Bod nr 15, Kylen, Marknadsgatan, Skansen [sv]";;;;;;;;;;;"Museal byggnad [sv]";;;;;;"Marknadsgatan, Skansen (Museal byggnadsmiljö) [sv]";;;;;;;;;;;;;;;;;;"Skansen Primus ObjektId: 67527|Skansen Primus Identifikationsnummer: SKABYG.0080915";;;;"No";;;"Public Domain Dedication (CC0)";;
23ceed7b-0a11-4b46-8c01-e15a072f13bc;Building;dd5fb8ca-f314-4dbe-ae24-12a23bf57195;26/10/2016 14:49:09;6c9f4972-d510-4e68-a525-18e8a3ff27f0;08/04/2019 13:43:57;"Skansens byggnader (Skansen) [sv]";;"Published";"Bod nr 2, Marknadsgatan, Skansen [sv]";;;;;;;;;;;"Museal byggnad [sv]";;;;;;"Marknadsgatan, Skansen (Museal byggnadsmiljö) [sv]";;;;;;;;;;;;;;;;;;"Skansen Primus ObjektId: 67257|Skansen Primus Identifikationsnummer: SKABYG.0080902";;;;"No";;;"Public Domain Dedication (CC0)";;
4079d26a-3c64-47d8-acfa-f92388c64832;Building;dd5fb8ca-f314-4dbe-ae24-12a23bf57195;26/10/2016 14:49:09;6c9f4972-d510-4e68-a525-18e8a3ff27f0;08/04/2019 13:44:54;"Skansens byggnader (Skansen) [sv]";;"Published";"Bod nr 3, Marknadsgatan, Skansen [sv]";;;;;;;;;;;"Museal byggnad [sv]";;;;;;"Marknadsgatan, Skansen (Museal byggnadsmiljö) [sv]";;;;;;;;;;;;;;;;;;"Skansen Primus ObjektId: 67258|Skansen Primus Identifikationsnummer: SKABYG.0080903";;;;"No";;;"Public Domain Dedication (CC0)";;
faf15f24-5eeb-47cf-b81b-ea5998b80fa9;Building;dd5fb8ca-f314-4dbe-ae24-12a23bf57195;26/10/2016 14:49:09;6c9f4972-d510-4e68-a525-18e8a3ff27f0;08/04/2019 13:45:26;"Skansens byggnader (Skansen) [sv]";;"Published";"Bod nr 4, Våffelbruket, Marknadsgatan, Skansen [sv]";;;;;;;;;;;"Museal byggnad [sv]";;;;;;"Marknadsgatan, Skansen (Museal byggnadsmiljö) [sv]";;;;;;;;;;;;;;;;;;"Skansen Primus ObjektId: 67259|Skansen Primus Identifikationsnummer: SKABYG.0080904";;;;"No";;;"Public Domain Dedication (CC0)";;
c7c9e781-daac-4737-91d1-02ffcfcd20e3;Building;dd5fb8ca-f314-4dbe-ae24-12a23bf57195;26/10/2016 14:49:09;6c9f4972-d510-4e68-a525-18e8a3ff27f0;08/04/2019 13:46:00;"Skansens byggnader (Skansen) [sv]";;"Published";"Bod nr 5, Gamla Krogen, Marknadsgatan, Skansen [sv]";;;;;;;;;;;"Museal byggnad [sv]";;;;;;"Marknadsgatan, Skansen (Museal byggnadsmiljö) [sv]";;;;;;;;;;;;;;;;;;"Skansen Primus ObjektId: 67260|Skansen Primus Identifikationsnummer: SKABYG.0080905";;;;"No";;;"Public Domain Dedication (CC0)";;
b3efc96f-5e43-4e6e-a0bc-cb92c706a311;Building;dd5fb8ca-f314-4dbe-ae24-12a23bf57195;26/10/2016 14:49:09;6c9f4972-d510-4e68-a525-18e8a3ff27f0;08/04/2019 13:46:41;"Skansens byggnader (Skansen) [sv]";;"Published";"Bod nr 6, Marknadsgatan, Skansen [sv]";;;;;;;;;;;"Museal byggnad [sv]";;;;;;"Marknadsgatan, Skansen (Museal byggnadsmiljö) [sv]";;;;;;;;;;;;;;;;;;"Skansen Primus ObjektId: 67261|Skansen Primus Identifikationsnummer: SKABYG.0080906";;;;"No";;;"Public Domain Dedication (CC0)";;
052f54b3-309c-43a5-89c9-b8cd7dc8f599;Building;dd5fb8ca-f314-4dbe-ae24-12a23bf57195;26/10/2016 14:49:10;6c9f4972-d510-4e68-a525-18e8a3ff27f0;08/04/2019 13:47:14;"Skansens byggnader (Skansen) [sv]";;"Published";"Bod nr 7, Marknadsgatan, Skansen [sv]";;;;;;;;;;;"Museal byggnad [sv]";;;;;;"Marknadsgatan, Skansen (Museal byggnadsmiljö) [sv]";;;;;;;;;;;;;;;;;;"Skansen Primus ObjektId: 67262|Skansen Primus Identifikationsnummer: SKABYG.0080907";;;;"No";;;"Public Domain Dedication (CC0)";;
e8ab52bd-46f8-4ce8-afb9-1eef31f4a19d;Building;dd5fb8ca-f314-4dbe-ae24-12a23bf57195;26/10/2016 14:49:10;6c9f4972-d510-4e68-a525-18e8a3ff27f0;08/04/2019 13:47:47;"Skansens byggnader (Skansen) [sv]";;"Published";"Bod nr 8, Marknadsgatan, Skansen [sv]";;;;;;;;;;;"Museal byggnad [sv]";;;;;;"Marknadsgatan, Skansen (Museal byggnadsmiljö) [sv]";;;;;;;;;;;;;;;;;;"Skansen Primus ObjektId: 67263|Skansen Primus Identifikationsnummer: SKABYG.0080908";;;;"No";;;"Public Domain Dedication (CC0)";;
81bff1bc-e45f-4344-bdd9-b4e796f024d7;Building;dd5fb8ca-f314-4dbe-ae24-12a23bf57195;26/10/2016 14:49:10;6c9f4972-d510-4e68-a525-18e8a3ff27f0;08/04/2019 13:48:32;"Skansens byggnader (Skansen) [sv]";;"Published";"Bod nr 9, Marknadsgatan, Skansen [sv]";;;;;;;;;;;"Museal byggnad [sv]";;;;;;"Marknadsgatan, Skansen (Museal byggnadsmiljö) [sv]";;;;;;;;;;;;;;;;;;"Skansen Primus ObjektId: 67264|Skansen Primus Identifikationsnummer: SKABYG.0080909";;;;"No";;;"Public Domain Dedication (CC0)";;
068c34e0-d1d8-44b0-950b-aa385ca2cc53;Building;dd5fb8ca-f314-4dbe-ae24-12a23bf57195;26/10/2016 14:48:32;7b89c094-da28-4fdb-bcd2-ce0db0df923e;26/09/2017 15:58:53;"Skansens byggnader (Skansen) [sv]";;"Published";"Boktryckeriet, Skansen [sv]";;;;;;;;;;;"Museal byggnad [sv]";;;;;;"Boktryckargården, Skansen (Museal byggnadsmiljö) [sv]";;;;;;;;;;;;;;;;;;"Skansen Primus ObjektId: 42631|Skansen Primus Identifikationsnummer: SKABYG.0010801";;;;"No";;;"Public Domain Dedication (CC0)";;
6ff1b697-ee94-4bb9-ad56-4d554a635293;Building;dd5fb8ca-f314-4dbe-ae24-12a23bf57195;26/10/2016 14:48:39;6c9f4972-d510-4e68-a525-18e8a3ff27f0;08/04/2019 14:10:18;"Skansens byggnader (Skansen) [sv]";;"Published";"Bollnässtugan, Skansen [sv]";;;;;;;;;;;"Museal byggnad [sv]";;;;;;"Bollnässtugan, Skansen (Museal byggnadsmiljö) [sv]";;;;"https://www.wikidata.org/wiki/Q10432604";;;;;;;;;;;;;;"Skansen Primus ObjektId: 42229|Skansen Primus Identifikationsnummer: SKABYG.0030301";;;;"No";;;"Public Domain Dedication (CC0)";;
86c48511-3814-4811-b1f4-ac520b60ca87;Building;dd5fb8ca-f314-4dbe-ae24-12a23bf57195;26/10/2016 14:48:37;6c9f4972-d510-4e68-a525-18e8a3ff27f0;08/10/2018 11:19:16;"Skansens byggnader (Skansen) [sv]";;"Published";"Bostadshuset, Älvrosgården, Skansen [sv]";;;;;;;;;;;"Museal byggnad [sv]";;;;;;"Älvrosgården, Skansen (Museal byggnadsmiljö) [sv]";;;;;;;;;;;;;;;;;;"Skansen Primus ObjektId: 43048|Skansen Primus Identifikationsnummer: SKABYG.0030101";;;;"No";;;"Public Domain Dedication (CC0)";;
792c739b-f9de-40cb-ab9e-43ce657508c1;Building;dd5fb8ca-f314-4dbe-ae24-12a23bf57195;26/10/2016 14:48:59;6c9f4972-d510-4e68-a525-18e8a3ff27f0;08/04/2019 14:11:30;"Skansens byggnader (Skansen) [sv]";;"Published";"Bostadshuset, Oktorpsgården, Skansen [sv]";;;;;;;;;;;"Museal byggnad [sv]";;;;;;"Oktorpsgården, Skansen (Museal byggnadsmiljö) [sv]";;;;"https://www.wikidata.org/wiki/Q26253129";;;;;;;;;;;;;;"Skansen Primus ObjektId: 67294|Skansen Primus Identifikationsnummer: SKABYG.0070101";;;;"No";;;"Public Domain Dedication (CC0)";;
bd6126d5-87e2-4402-b312-64515603e6a5;Building;dd5fb8ca-f314-4dbe-ae24-12a23bf57195;26/10/2016 14:49:01;6c9f4972-d510-4e68-a525-18e8a3ff27f0;08/10/2018 11:18:17;"Skansens byggnader (Skansen) [sv]";;"Published";"Bostadshuset, Skånegården, Skansen [sv]";;;;;;;;;;;"Museal byggnad [sv]";;;;;;"Skånegården, Skansen (Museal byggnadsmiljö) [sv]";;;;;;;;;;;;;;;;;;"Skansen Primus ObjektId: 67432|Skansen Primus Identifikationsnummer: SKABYG.0070601";;;;"No";;;"Public Domain Dedication (CC0)";;
64b1c7c7-efb9-4062-8e75-e9349ffa5239;Building;dd5fb8ca-f314-4dbe-ae24-12a23bf57195;26/10/2016 14:48:39;6c9f4972-d510-4e68-a525-18e8a3ff27f0;12/10/2018 15:47:07;"Skansens byggnader (Skansen) [sv]";;"Published";"Brunnen, Älvrosgården, Skansen [sv]";;;;;;;;;;;"Museal byggnad [sv]";;;;;;"Älvrosgården, Skansen (Museal byggnadsmiljö) [sv]";;;;;;;;;;;;;;;;;;"Skansen Primus ObjektId: 43085|Skansen Primus Identifikationsnummer: SKABYG.0030110";;;;"No";;;"Public Domain Dedication (CC0)";;
b7c3d5b6-e276-4e61-ad4e-e4ecd0a7cc63;Building;dd5fb8ca-f314-4dbe-ae24-12a23bf57195;26/10/2016 14:48:44;6c9f4972-d510-4e68-a525-18e8a3ff27f0;12/10/2018 16:04:30;"Skansens byggnader (Skansen) [sv]";;"Published";"Brunnen, Moragården, Skansen [sv]";;;;;;;;;;;"Museal byggnad [sv]";;;;;;"Moragården, Skansen (Museal byggnadsmiljö) [sv]";;;;;;;;;;;;;;;;;;"Skansen Primus ObjektId: 67286|Skansen Primus Identifikationsnummer: SKABYG.0030513";;;;"No";;;"Public Domain Dedication (CC0)";;
1a24efab-bbbd-4ecd-86dc-6c72c4987852;Building;dd5fb8ca-f314-4dbe-ae24-12a23bf57195;26/10/2016 14:48:59;6c9f4972-d510-4e68-a525-18e8a3ff27f0;08/04/2019 10:53:22;"Skansens byggnader (Skansen) [sv]";;"Published";"Brunnen, Oktorpsgården, Skansen [sv]";;;;;;;;;;;"Museal byggnad [sv]";;;;;;"Oktorpsgården, Skansen (Museal byggnadsmiljö) [sv]";;;;;;;;;;;;;;;;;;"Skansen Primus ObjektId: 67298|Skansen Primus Identifikationsnummer: SKABYG.0070105";;;;"No";;;"Public Domain Dedication (CC0)";;
fb0dfeac-6206-4a99-8d63-8a91a06dcc3f;Building;dd5fb8ca-f314-4dbe-ae24-12a23bf57195;26/10/2016 14:49:00;6c9f4972-d510-4e68-a525-18e8a3ff27f0;08/04/2019 10:58:46;"Skansens byggnader (Skansen) [sv]";;"Published";"Brygghuset, Oktorpsgården, Skansen [sv]";;;;;;;;;;;"Museal byggnad [sv]";;;;;;"Oktorpsgården, Skansen (Museal byggnadsmiljö) [sv]";;;;;;;;;;;;;;;;;;"Skansen Primus ObjektId: 67299|Skansen Primus Identifikationsnummer: SKABYG.0070106";;;;"No";;;"Public Domain Dedication (CC0)";;
28887a45-10c6-4850-87d7-6c1ee7b56da2;Building;dd5fb8ca-f314-4dbe-ae24-12a23bf57195;26/10/2016 14:49:02;6c9f4972-d510-4e68-a525-18e8a3ff27f0;08/04/2019 13:50:55;"Skansens byggnader (Skansen) [sv]";;"Published";"Dasset, Väla skola, Skansen [sv]";;;;;;;;;;;"Museal byggnad [sv]";;;;;;"Väla skola, Skansen (Museal byggnadsmiljö) [sv]";;;;;;;;;;;;;;;;;;"Skansen Primus ObjektId: 67502|Skansen Primus Identifikationsnummer: SKABYG.0070703";;;;"No";;;"Public Domain Dedication (CC0)";;
da9a7d77-8871-4b04-ba8e-f33ca801cc86;Building;dd5fb8ca-f314-4dbe-ae24-12a23bf57195;26/10/2016 14:49:12;7b89c094-da28-4fdb-bcd2-ce0db0df923e;26/09/2017 15:58:55;"Skansens byggnader (Skansen) [sv]";;"Published";"Djurgårdspaviljongen, Skansen [sv]";;;;;;;;;;;"Museal byggnad [sv]";;;;;;"Djurgårdspaviljongen, Skansen (Museal byggnadsmiljö) [sv]";;;;;;;;;;;;;;;;;;"Skansen Primus ObjektId: 42231|Skansen Primus Identifikationsnummer: SKABYG.0091301";;;;"No";;;"Public Domain Dedication (CC0)";;
2f9f1d0e-9908-4618-83d4-0e5089cf3f95;Building;dd5fb8ca-f314-4dbe-ae24-12a23bf57195;26/10/2016 14:48:44;6c9f4972-d510-4e68-a525-18e8a3ff27f0;12/10/2018 16:18:11;"Skansens byggnader (Skansen) [sv]";;"Published";"Dyngstaden från Noret, Moragården, Skansen [sv]";;;;;;;;;;;"Museal byggnad [sv]";;;;;;"Moragården, Skansen (Museal byggnadsmiljö) [sv]";;;;;;;;;;;;;;;;;;"Skansen Primus ObjektId: 67284|Skansen Primus Identifikationsnummer: SKABYG.0030511";;;;"No";;;"Public Domain Dedication (CC0)";;
a8592e0e-ce07-4bef-8480-dedd813e800f;Building;dd5fb8ca-f314-4dbe-ae24-12a23bf57195;26/10/2016 14:48:50;6c9f4972-d510-4e68-a525-18e8a3ff27f0;10/10/2018 09:30:59;"Skansens byggnader (Skansen) [sv]";;"Published";"Edsängsstugan, Delsbogården, Skansen [sv]";;;;;;;;;;;"Museal byggnad [sv]";;;;;;"Delsbogården, Skansen (Museal byggnadsmiljö) [sv]";;;;;;;;;;;;;;;;;;"Skansen Primus ObjektId: 67170|Skansen Primus Identifikationsnummer: SKABYG.0031402";;;;"No";;;"Public Domain Dedication (CC0)";;
1aec1466-29d2-4c70-81ef-79cbf7910491;Building;dd5fb8ca-f314-4dbe-ae24-12a23bf57195;26/10/2016 14:48:58;7b89c094-da28-4fdb-bcd2-ce0db0df923e;26/09/2017 15:58:55;"Skansens byggnader (Skansen) [sv]";;"Published";"Ekshäradsgården, Skansen [sv]";;;;;;;;;;;"Museal byggnad [sv]";;;;;;"Ekshäradsgården, Skansen (Museal byggnadsmiljö) [sv]";;;;;;;;;;;;;;;;;;"Skansen Primus ObjektId: 42734|Skansen Primus Identifikationsnummer: SKABYG.0061101";;;;"No";;;"Public Domain Dedication (CC0)";;
ba4be4d0-e18a-470d-be45-47e3b8da8133;Building;dd5fb8ca-f314-4dbe-ae24-12a23bf57195;26/10/2016 14:48:45;d60be37a-1a45-4aa8-819b-4db938095dda;12/07/2022 09:16:53;"Skansens byggnader (Skansen) [sv]";;"Published";"Eldhuset från Dovsbodarna, Fäboden, Skansen [sv]";;;;;;;;;;;"Museal byggnad [sv]";;;;;"";"Fäboden, Skansen (Museal byggnadsmiljö) [sv]";;;;;"https://www.wikidata.org/wiki/Q60659147";;;;;;;;;;;;;"Skansen Primus ObjektId: 42730|Skansen Primus Identifikationsnummer: SKABYG.0031001";;;;"No";;;"Public Domain Dedication (CC0)";;
9198deac-3cf0-48ce-a2db-7cb6c25831ef;Building;dd5fb8ca-f314-4dbe-ae24-12a23bf57195;26/10/2016 14:48:47;d60be37a-1a45-4aa8-819b-4db938095dda;12/07/2022 09:19:09;"Skansens byggnader (Skansen) [sv]";;"Published";"Eldhuset från Umsi, Fäboden, Skansen [sv]";;;;;;;;;;;"Museal byggnad [sv]";;;;;"";"Fäboden, Skansen (Museal byggnadsmiljö) [sv]";;;;;"https://www.wikidata.org/wiki/Q60659311";;;;;;;;;;;;;"Skansen Primus ObjektId: 42733|Skansen Primus Identifikationsnummer: SKABYG.0031004";;;;"No";;;"Public Domain Dedication (CC0)";;
d5098f44-abe4-400a-87cc-0c223e0f8f9a;Building;dd5fb8ca-f314-4dbe-ae24-12a23bf57195;26/10/2016 14:48:39;6c9f4972-d510-4e68-a525-18e8a3ff27f0;12/10/2018 15:47:44;"Skansens byggnader (Skansen) [sv]";;"Published";"Eldhuset, Älvrosgården, Skansen [sv]";;;;;;;;;;;"Museal byggnad [sv]";;;;;;"Älvrosgården, Skansen (Museal byggnadsmiljö) [sv]";;;;;;;;;;;;;;;;;;"Skansen Primus ObjektId: 67157|Skansen Primus Identifikationsnummer: SKABYG.0030113";;;;"No";;;"Public Domain Dedication (CC0)";;
ccdd2595-ee27-4ed2-8c43-9025190a4773;Building;dd5fb8ca-f314-4dbe-ae24-12a23bf57195;26/10/2016 14:48:43;6c9f4972-d510-4e68-a525-18e8a3ff27f0;12/10/2018 16:21:04;"Skansens byggnader (Skansen) [sv]";;"Published";"Fähuset från Noret, Moragården, Skansen [sv]";;;;;;;;;;;"Museal byggnad [sv]";;;;;;"Moragården, Skansen (Museal byggnadsmiljö) [sv]";;;;;;;;;;;;;;;;;;"Skansen Primus ObjektId: 67283|Skansen Primus Identifikationsnummer: SKABYG.0030510";;;;"No";;;"Public Domain Dedication (CC0)";;
0bb3baf1-1816-4293-ba83-580453f8d03f;Building;dd5fb8ca-f314-4dbe-ae24-12a23bf57195;26/10/2016 14:48:38;6c9f4972-d510-4e68-a525-18e8a3ff27f0;12/10/2018 15:50:19;"Skansens byggnader (Skansen) [sv]";;"Published";"Fähuset, Älvrosgården, Skansen [sv]";;;;;;;;;;;"Museal byggnad [sv]";;;;;;"Älvrosgården, Skansen (Museal byggnadsmiljö) [sv]";;;;;;;;;;;;;;;;;;"Skansen Primus ObjektId: 43072|Skansen Primus Identifikationsnummer: SKABYG.0030105";;;;"No";;;"Public Domain Dedication (CC0)";;
47d95165-8dcc-42dd-96ca-53886e07e88d;Building;dd5fb8ca-f314-4dbe-ae24-12a23bf57195;26/10/2016 14:48:50;6c9f4972-d510-4e68-a525-18e8a3ff27f0;10/10/2018 09:31:56;"Skansens byggnader (Skansen) [sv]";;"Published";"Fähuset, Delsbogården, Skansen [sv]";;;;;;;;;;;"Museal byggnad [sv]";;;;;;"Delsbogården, Skansen (Museal byggnadsmiljö) [sv]";;;;;;;;;;;;;;;;;;"Skansen Primus ObjektId: 67194|Skansen Primus Identifikationsnummer: SKABYG.0031404";;;;"No";;;"Public Domain Dedication (CC0)";;
2fffa298-1339-425f-b749-8bf914740dd1;Building;dd5fb8ca-f314-4dbe-ae24-12a23bf57195;26/10/2016 14:48:43;6c9f4972-d510-4e68-a525-18e8a3ff27f0;12/10/2018 16:21:40;"Skansens byggnader (Skansen) [sv]";;"Published";"Färnäshärbret, Moragården, Skansen [sv]";;;;;;;;;;;"Museal byggnad [sv]";;;;;;"Moragården, Skansen (Museal byggnadsmiljö) [sv]";;;;;;;;;;;;;;;;;;"Skansen Primus ObjektId: 67279|Skansen Primus Identifikationsnummer: SKABYG.0030506";;;;"No";;;"Public Domain Dedication (CC0)";;
0333df2f-bc47-4ef4-aa2e-c5e5c9c8d2c4;Building;dd5fb8ca-f314-4dbe-ae24-12a23bf57195;26/10/2016 14:49:07;6c9f4972-d510-4e68-a525-18e8a3ff27f0;25/09/2018 11:18:24;"Skansens byggnader (Skansen) [sv]";;"Published";"Fatburen, Skogaholms herrgård, Skansen [sv]";;;;;;;;;;;"Museal byggnad [sv]";;;;;;"Skogaholm, Skansen (Museal byggnadsmiljö) [sv]";;;;;;;;;;;;;;;;;;"Skansen Primus ObjektId: 67337|Skansen Primus Identifikationsnummer: SKABYG.0080807";;;;"No";;;"Public Domain Dedication (CC0)";;
24e85056-3e7d-4b6b-a53d-65dfc2112b92;Building;dd5fb8ca-f314-4dbe-ae24-12a23bf57195;26/10/2016 14:48:43;6c9f4972-d510-4e68-a525-18e8a3ff27f0;12/10/2018 16:19:25;"Skansens byggnader (Skansen) [sv]";;"Published";"Foderboden från Noret, Moragården, Skansen [sv]";;;;;;;;;;;"Museal byggnad [sv]";;;;;;"Moragården, Skansen (Museal byggnadsmiljö) [sv]";;;;;;;;;;;;;;;;;;"Skansen Primus ObjektId: 67282|Skansen Primus Identifikationsnummer: SKABYG.0030509";;;;"No";;;"Public Domain Dedication (CC0)";;
4cee2f24-e613-45dd-aa71-f3bfc43629ca;Building;dd5fb8ca-f314-4dbe-ae24-12a23bf57195;26/10/2016 14:48:58;7b89c094-da28-4fdb-bcd2-ce0db0df923e;26/09/2017 15:58:56;"Skansens byggnader (Skansen) [sv]";;"Published";"Folkets Hus, Skansen [sv]";;;;;;;;;;;"Museal byggnad [sv]";;;;;;"Folkets Hus, Skansen (Museal byggnadsmiljö) [sv]";;;;;;;;;;;;;;;;;;"Skansen Primus ObjektId: 42716|Skansen Primus Identifikationsnummer: SKABYG.0061201";;;;"No";;;"Public Domain Dedication (CC0)";;
6a56a685-ceb2-49d4-a5e0-961c6d478d4b;Building;dd5fb8ca-f314-4dbe-ae24-12a23bf57195;26/10/2016 14:48:35;6c9f4972-d510-4e68-a525-18e8a3ff27f0;08/04/2019 13:52:14;"Skansens byggnader (Skansen) [sv]";;"Published";"Förrådet, Snickerifabriken, Skansen [sv]";;;;;;;;;;;"Museal byggnad [sv]";;;;;;"Snickerifabriken, Skansen (Museal byggnadsmiljö) [sv]";;;;;;;;;;;;;;;;;;"Skansen Primus ObjektId: 67668|Skansen Primus Identifikationsnummer: SKABYG.0011702";;;;"No";;;"Public Domain Dedication (CC0)";;
33745fcb-1846-4507-ac03-2deaecb3a581;Building;dd5fb8ca-f314-4dbe-ae24-12a23bf57195;26/10/2016 14:49:04;7b89c094-da28-4fdb-bcd2-ce0db0df923e;26/09/2017 15:58:56;"Skansens byggnader (Skansen) [sv]";;"Published";"Främmestadskvarnen, Skansen [sv]";;;;;;;;;;;"Museal byggnad [sv]";;;;;;"Främmestadskvarnen, Skansen (Museal byggnadsmiljö) [sv]";;;;;;;;;;;;;;;;;;"Skansen Primus ObjektId: 42232|Skansen Primus Identifikationsnummer: SKABYG.0080601";;;;"No";;;"Public Domain Dedication (CC0)";;
3e3047ab-e4c0-401d-912c-e73fb9559bc6;Building;dd5fb8ca-f314-4dbe-ae24-12a23bf57195;26/10/2016 14:48:32;7b89c094-da28-4fdb-bcd2-ce0db0df923e;26/09/2017 15:58:57;"Skansens byggnader (Skansen) [sv]";;"Published";"Garveriet, Skansen [sv]";;;;;;;;;;;"Museal byggnad [sv]";;;;;;"Garverigården, Skansen (Museal byggnadsmiljö) [sv]";;;;;;;;;;;;;;;;;;"Skansen Primus ObjektId: 42249|Skansen Primus Identifikationsnummer: SKABYG.0010901";;;;"No";;;"Public Domain Dedication (CC0)";;
a4ce5909-699a-477d-8b27-70f0d7d6f80a;Building;dd5fb8ca-f314-4dbe-ae24-12a23bf57195;26/10/2016 14:49:10;7b89c094-da28-4fdb-bcd2-ce0db0df923e;26/09/2017 15:58:58;"Skansens byggnader (Skansen) [sv]";;"Published";"Glömmingekvarnen, Skansen [sv]";;;;;;;;;;;"Museal byggnad [sv]";;;;;;"Glömmingekvarnen, Skansen (Museal byggnadsmiljö) [sv]";;;;;;;;;;;;;;;;;;"Skansen Primus ObjektId: 42776|Skansen Primus Identifikationsnummer: SKABYG.0081101";;;;"No";;;"Public Domain Dedication (CC0)";;
6f71d3e8-2e04-4a01-bdc7-3a923467bd1a;Building;dd5fb8ca-f314-4dbe-ae24-12a23bf57195;26/10/2016 14:48:55;d60be37a-1a45-4aa8-819b-4db938095dda;12/07/2022 09:29:10;"Skansens byggnader (Skansen) [sv]";;"Published";"Greksåsarboden, Bergsmansgården, Skansen [sv]";;;;;;;;;;;"Museal byggnad [sv]";;;;;"";"Bergsmansgården, Skansen (Museal byggnadsmiljö) [sv]";;;;;"https://www.wikidata.org/wiki/Q60557273";;;;;;;;;;;;;"Skansen Primus ObjektId: 42621|Skansen Primus Identifikationsnummer: SKABYG.0060202";;;;"No";;;"Public Domain Dedication (CC0)";;
7b31664e-4ec1-423b-a40c-b89f86b0e619;Building;dd5fb8ca-f314-4dbe-ae24-12a23bf57195;26/10/2016 14:48:34;7b89c094-da28-4fdb-bcd2-ce0db0df923e;26/09/2017 15:58:58;"Skansens byggnader (Skansen) [sv]";;"Published";"Gubbhyllan, Skansen [sv]";;;;;;;;;;;"Museal byggnad [sv]";;;;;;"Gubbhyllemiljön, Skansen (Museal byggnadsmiljö) [sv]";;;;;;;;;;;;;;;;;;"Skansen Primus ObjektId: 67208|Skansen Primus Identifikationsnummer: SKABYG.0011601";;;;"No";;;"Public Domain Dedication (CC0)";;
caa537c4-2a2a-44fa-8c7b-fbc705adb278;Building;dd5fb8ca-f314-4dbe-ae24-12a23bf57195;26/10/2016 14:48:32;7b89c094-da28-4fdb-bcd2-ce0db0df923e;26/09/2017 15:58:59;"Skansens byggnader (Skansen) [sv]";;"Published";"Guldsmedshuset, Skansen [sv]";;;;;;;;;;;"Museal byggnad [sv]";;;;;;"Guldsmedsgården, Skansen (Museal byggnadsmiljö) [sv]";;;;;;;;;;;;;;;;;;"Skansen Primus ObjektId: 42780|Skansen Primus Identifikationsnummer: SKABYG.0010701";;;;"No";;;"Public Domain Dedication (CC0)";;
76c92f1a-5364-465e-b6f6-44cd4286c406;Building;dd5fb8ca-f314-4dbe-ae24-12a23bf57195;26/10/2016 14:48:44;7b89c094-da28-4fdb-bcd2-ce0db0df923e;26/09/2017 15:58:59;"Skansens byggnader (Skansen) [sv]";;"Published";"Hackstugan, Skansen [sv]";;;;;;;;;;;"Museal byggnad [sv]";;;;;;"Hackstugan, Skansen (Museal byggnadsmiljö) [sv]";;;;;;;;;;;;;;;;;;"Skansen Primus ObjektId: 42254|Skansen Primus Identifikationsnummer: SKABYG.0030701";;;;"No";;;"Public Domain Dedication (CC0)";;
5add47c4-812f-420a-a338-f71b90e8a342;Building;dd5fb8ca-f314-4dbe-ae24-12a23bf57195;26/10/2016 14:49:03;7b89c094-da28-4fdb-bcd2-ce0db0df923e;26/09/2017 15:59:00;"Skansens byggnader (Skansen) [sv]";;"Published";"Hällestadsstapeln, Skansen [sv]";;;;;;;;;;;"Museal byggnad [sv]";;;;;;"Hällestadsstapeln, Skansen (Museal byggnadsmiljö) [sv]";;;;;;;;;;;;;;;;;;"Skansen Primus ObjektId: 42815|Skansen Primus Identifikationsnummer: SKABYG.0070901";;;;"No";;;"Public Domain Dedication (CC0)";;
e032e2a2-a7dc-4a24-b470-966202fd9e1a;Building;dd5fb8ca-f314-4dbe-ae24-12a23bf57195;26/10/2016 14:48:53;7b89c094-da28-4fdb-bcd2-ce0db0df923e;26/09/2017 15:59:00;"Skansens byggnader (Skansen) [sv]";;"Published";"Håsjöstapeln, Skansen [sv]";;;;;;;;;;;"Museal byggnad [sv]";;;;;;"Håsjöstapeln, Skansen (Museal byggnadsmiljö) [sv]";;;;;;;;;;;;;;;;;;"Skansen Primus ObjektId: 42810|Skansen Primus Identifikationsnummer: SKABYG.0031801";;;;"No";;;"Public Domain Dedication (CC0)";;
92c5ee4e-eb2d-4eba-9aad-686fba97cc5a;Building;dd5fb8ca-f314-4dbe-ae24-12a23bf57195;26/10/2016 14:48:31;d60be37a-1a45-4aa8-819b-4db938095dda;11/07/2022 18:54:01;"Skansens byggnader (Skansen) [sv]";;"Published";"Hazeliushuset, Skansen [sv]";;;;;;;;;;;"Museal byggnad [sv]";;;;;"";"Malmgården, Skansen (Museal byggnadsmiljö) [sv]";;;;;"https://www.wikidata.org/wiki/Q10518718";;;;;;;;;;;;;"Skansen Primus ObjektId: 42255|Skansen Primus Identifikationsnummer: SKABYG.0010201";;;;"No";;;"Public Domain Dedication (CC0)";;
af197a5b-a0b0-46e2-bf27-8f7885bc9931;Building;dd5fb8ca-f314-4dbe-ae24-12a23bf57195;26/10/2016 14:48:42;6c9f4972-d510-4e68-a525-18e8a3ff27f0;12/10/2018 16:22:24;"Skansens byggnader (Skansen) [sv]";;"Published";"Hedninghuset, Moragården, Skansen [sv]";;;;;"Knuttimrad dubbelbod med svale.\nSänghärbre. [sv]";;;;"Ursprungligen uppförd 1324-25.\nInköpt till Skansen 1925.\nUppförd på Skansen 1926. [sv]";;"Museal byggnad [sv]";"";;;;;"Moragården, Skansen (Museal byggnadsmiljö) [sv]";;;;;;;;;;;;;;;;;;"Skansen Primus ObjektId: 67277|Skansen Primus Identifikationsnummer: SKABYG.0030504";;;;"No";;;"Public Domain Dedication (CC0)";;
179ef5aa-703f-48c7-adc8-f320aec69bf5;Building;dd5fb8ca-f314-4dbe-ae24-12a23bf57195;26/10/2016 14:48:54;7b89c094-da28-4fdb-bcd2-ce0db0df923e;26/09/2017 15:59:00;"Skansens byggnader (Skansen) [sv]";;"Published";"Högloftet, Skansen [sv]";;;;;;;;;;;"Museal byggnad [sv]";;;;;;"Balderslunden, Skansen (Museal byggnadsmiljö) [sv]";;;;;;;;;;;;;;;;;;"Skansen Primus ObjektId: 67168|Skansen Primus Identifikationsnummer: SKABYG.0051002";;;;"No";;;"Public Domain Dedication (CC0)";;
f3f00695-ee58-4ad2-849b-7d6bfa1c9c3a;Building;dd5fb8ca-f314-4dbe-ae24-12a23bf57195;26/10/2016 14:48:39;6c9f4972-d510-4e68-a525-18e8a3ff27f0;12/10/2018 15:52:39;"Skansens byggnader (Skansen) [sv]";;"Published";"Höladan, Älvrosgården, Skansen [sv]";;;;;;;;;;;"Museal byggnad [sv]";;;;;;"Älvrosgården, Skansen (Museal byggnadsmiljö) [sv]";;;;;;;;;;;;;;;;;;"Skansen Primus ObjektId: 43087|Skansen Primus Identifikationsnummer: SKABYG.0030111";;;;"No";;;"Public Domain Dedication (CC0)";;
82fe4f3d-4103-4713-af2f-d9ac9c102221;Building;dd5fb8ca-f314-4dbe-ae24-12a23bf57195;26/10/2016 14:48:48;6c9f4972-d510-4e68-a525-18e8a3ff27f0;12/10/2018 15:36:43;"Skansens byggnader (Skansen) [sv]";;"Published";"Höladan, Fäboden, Skansen [sv]";;;;;;;;;;;"Museal byggnad [sv]";;;;;;"Fäboden, Skansen (Museal byggnadsmiljö) [sv]";;;;;;;;;;;;;;;;;;"Skansen Primus ObjektId: 42737|Skansen Primus Identifikationsnummer: SKABYG.0031007";;;;"No";;;"Public Domain Dedication (CC0)";;
172d8e83-6422-4a6a-8f98-2b7feb77b126;Building;dd5fb8ca-f314-4dbe-ae24-12a23bf57195;26/10/2016 14:48:48;d60be37a-1a45-4aa8-819b-4db938095dda;12/07/2022 09:21:14;"Skansens byggnader (Skansen) [sv]";;"Published";"Höladan, Fäboden, Skansen [sv]";;;;;;;;;;;"Museal byggnad [sv]";;;;;"";"Fäboden, Skansen (Museal byggnadsmiljö) [sv]";;;;;"https://www.wikidata.org/wiki/Q60659608";;;;;;;;;;;;;"Skansen Primus ObjektId: 42738|Skansen Primus Identifikationsnummer: SKABYG.0031008";;;;"No";;;"Public Domain Dedication (CC0)";;
05bd348e-ef5b-4f19-87bb-e20b3be7f641;Building;dd5fb8ca-f314-4dbe-ae24-12a23bf57195;26/10/2016 14:48:47;d60be37a-1a45-4aa8-819b-4db938095dda;12/07/2022 09:20:02;"Skansens byggnader (Skansen) [sv]";;"Published";"Höladan, Fäboden, Skansen [sv]";;;;;;;;;;;"Museal byggnad [sv]";;;;;"";"Fäboden, Skansen (Museal byggnadsmiljö) [sv]";;;;;"https://www.wikidata.org/wiki/Q60661572";;;;;;;;;;;;;"Skansen Primus ObjektId: 42736|Skansen Primus Identifikationsnummer: SKABYG.0031006";;;;"No";;;"Public Domain Dedication (CC0)";;
59520d97-b779-4354-9262-c8651e9722ea;Building;dd5fb8ca-f314-4dbe-ae24-12a23bf57195;26/10/2016 14:48:47;d60be37a-1a45-4aa8-819b-4db938095dda;12/07/2022 09:17:47;"Skansens byggnader (Skansen) [sv]";;"Published";"Höladan, Fäboden, Skansen [sv]";;;;;;;;;;;"Museal byggnad [sv]";;;;;"";"Fäboden, Skansen (Museal byggnadsmiljö) [sv]";;;;;"https://www.wikidata.org/wiki/Q60661677";;;;;;;;;;;;;"Skansen Primus ObjektId: 42735|Skansen Primus Identifikationsnummer: SKABYG.0031005";;;;"No";;;"Public Domain Dedication (CC0)";;
43292a30-c7ea-4f98-a97b-c34baedc0f1d;Building;dd5fb8ca-f314-4dbe-ae24-12a23bf57195;26/10/2016 14:49:06;6c9f4972-d510-4e68-a525-18e8a3ff27f0;08/04/2019 13:54:27;"Skansens byggnader (Skansen) [sv]";;"Published";"Hönshuset, Statarlängan, Skansen [sv]";;;;;;;;;;;"Museal byggnad [sv]";;;;;;"Statarlängan, Skansen (Museal byggnadsmiljö) [sv]";;;;;;;;;;;;;;;;;;"Skansen Primus ObjektId: 67476|Skansen Primus Identifikationsnummer: SKABYG.0080705";;;;"No";;;"Public Domain Dedication (CC0)";;
64a1e345-6167-48e1-bff1-f2ac91cee962;Building;dd5fb8ca-f314-4dbe-ae24-12a23bf57195;26/10/2016 14:49:04;6c9f4972-d510-4e68-a525-18e8a3ff27f0;27/09/2017 16:37:40;"Skansens byggnader (Skansen) [sv]";;"Published";"Hornborgastugan, Skansen [sv]";;;;;;;;;;;"Museal byggnad [sv]";;;;;;"Hornborgastugan, Skansen (Museal byggnadsmiljö) [sv]";;;;;;;"https://digitaltmuseum.se/011054601765/hornborgastugan?aq=text%3A%22hornborgastugan%22+owner%3F%3A%22S-SK%22&i=0";;;;;;;;;;;"Skansen Primus ObjektId: 72057|Skansen Primus Identifikationsnummer: SKABYG.0080501";;;;"No";;;"Public Domain Dedication (CC0)";;
4f6dbb36-3fb7-4099-af76-72a8033878e0;Building;dd5fb8ca-f314-4dbe-ae24-12a23bf57195;26/10/2016 14:49:06;6c9f4972-d510-4e68-a525-18e8a3ff27f0;25/09/2018 11:15:47;"Skansens byggnader (Skansen) [sv]";;"Published";"Huvudbyggnaden, Skogaholms herrgård, Skansen [sv]";;;;;;;;;;;"Museal byggnad [sv]";;;;;;"Skogaholm, Skansen (Museal byggnadsmiljö) [sv]";;;;;;;;;;;;;;;;;;"Skansen Primus ObjektId: 67331|Skansen Primus Identifikationsnummer: SKABYG.0080801";;;;"No";;;"Public Domain Dedication (CC0)";;
5765c7be-1ee9-4325-9f88-27a9a6ca9221;Building;dd5fb8ca-f314-4dbe-ae24-12a23bf57195;26/10/2016 14:48:30;6c9f4972-d510-4e68-a525-18e8a3ff27f0;08/04/2019 14:12:22;"Skansens byggnader (Skansen) [sv]";;"Published";"Järnhandlarens hus, Skansen [sv]";;;;;;;;;;;"Museal byggnad [sv]";;;;;;"Järnhandlargården, Skansen (Museal byggnadsmiljö) [sv]";;;;"https://www.wikidata.org/wiki/Q10541820";;;;;;;;;;;;;;"Skansen Primus ObjektId: 42257|Skansen Primus Identifikationsnummer: SKABYG.0010101";;;;"No";;;"Public Domain Dedication (CC0)";;
b668ab37-e82f-4877-9f5b-342aed508d89;Building;dd5fb8ca-f314-4dbe-ae24-12a23bf57195;26/10/2016 14:49:05;6c9f4972-d510-4e68-a525-18e8a3ff27f0;08/04/2019 13:19:34;"Skansens byggnader (Skansen) [sv]";;"Published";"Jordkällaren, Statarlängan, Skansen [sv]";;;;;;;;;;;"Museal byggnad [sv]";;;;;;"Statarlängan, Skansen (Museal byggnadsmiljö) [sv]";;;;;;;;;;;;;;;;;;"Skansen Primus ObjektId: 67473|Skansen Primus Identifikationsnummer: SKABYG.0080703";;;;"No";;;"Public Domain Dedication (CC0)";;
c075eac1-b97a-4e6d-bda0-039b10b0afa0;Building;dd5fb8ca-f314-4dbe-ae24-12a23bf57195;26/10/2016 14:48:34;d60be37a-1a45-4aa8-819b-4db938095dda;12/07/2022 09:36:10;"Skansens byggnader (Skansen) [sv]";;"Published";"Kägelbanan, Skansen [sv]";;;;;;;;;;;"Museal byggnad [sv]";;;;;"";"Gubbhyllemiljön, Skansen (Museal byggnadsmiljö) [sv]";;;;;"https://www.wikidata.org/wiki/Q60220783";;;;;;;;;;;;;"Skansen Primus ObjektId: 67210|Skansen Primus Identifikationsnummer: SKABYG.0011603";;;;"No";;;"Public Domain Dedication (CC0)";;
e8921e06-7429-4372-b9cf-643abc0f883d;Building;dd5fb8ca-f314-4dbe-ae24-12a23bf57195;26/10/2016 14:48:44;6c9f4972-d510-4e68-a525-18e8a3ff27f0;12/10/2018 16:30:43;"Skansens byggnader (Skansen) [sv]";;"Published";"Källarboden, Moragården, Skansen [sv]";;;;;;;;;;;"Museal byggnad [sv]";;;;;;"Moragården, Skansen (Museal byggnadsmiljö) [sv]";;;;;;;;;;;;;;;;;;"Skansen Primus ObjektId: 67285|Skansen Primus Identifikationsnummer: SKABYG.0030512";;;;"No";;;"Public Domain Dedication (CC0)";;
102ba2e3-e56c-4b48-982d-64366b83ecfb;Building;dd5fb8ca-f314-4dbe-ae24-12a23bf57195;26/10/2016 14:48:44;7b89c094-da28-4fdb-bcd2-ce0db0df923e;26/09/2017 15:59:01;"Skansens byggnader (Skansen) [sv]";;"Published";"Kaplansloftet, Skansen [sv]";;;;;;;;;;;"Museal byggnad [sv]";;;;;;"Kaplansloftet, Skansen (Museal byggnadsmiljö) [sv]";;;;;;;;;;;;;;;;;;"Skansen Primus ObjektId: 43005|Skansen Primus Identifikationsnummer: SKABYG.0030601";;;;"No";;;"Public Domain Dedication (CC0)";;
f064d388-560e-4dbe-92e5-23d1ca15c076;Building;dd5fb8ca-f314-4dbe-ae24-12a23bf57195;26/10/2016 14:48:34;7b89c094-da28-4fdb-bcd2-ce0db0df923e;26/09/2017 15:59:01;"Skansens byggnader (Skansen) [sv]";;"Published";"Kinesiska solparasollet, Skansen [sv]";;;;;;;;;;;"Museal byggnad [sv]";;;;;;"Gubbhyllemiljön, Skansen (Museal byggnadsmiljö) [sv]";;;;;;;;;;;;;;;;;;"Skansen Primus ObjektId: 67211|Skansen Primus Identifikationsnummer: SKABYG.0011604";;;;"No";;;"Public Domain Dedication (CC0)";;
a11d9adf-f57c-4bc6-a6c9-9c7385409961;Building;dd5fb8ca-f314-4dbe-ae24-12a23bf57195;26/10/2016 14:48:57;6c9f4972-d510-4e68-a525-18e8a3ff27f0;10/10/2018 15:43:40;"Skansens byggnader (Skansen) [sv]";;"Published";"Kokhuset, Finngården, Skansen [sv]";;;;;;;;;;;"Museal byggnad [sv]";;;;;;"Finngården, Skansen (Museal byggnadsmiljö) [sv]";;;;;;;;;;;;;;;;;;"Skansen Primus ObjektId: 42713|Skansen Primus Identifikationsnummer: SKABYG.0060405";;;;"No";;;"Public Domain Dedication (CC0)";;
383d6c89-6c4d-493a-811b-1799f404bd6f;Building;dd5fb8ca-f314-4dbe-ae24-12a23bf57195;26/10/2016 14:49:06;d60be37a-1a45-4aa8-819b-4db938095dda;12/07/2022 09:12:41;"Skansens byggnader (Skansen) [sv]";;"Published";"Köksflygeln, Skogaholms herrgård, Skansen [sv]";;;;;;;;;;;"Museal byggnad [sv]";;;;;"";"Skogaholm, Skansen (Museal byggnadsmiljö) [sv]";;;;;"https://www.wikidata.org/wiki/Q60642803|https://digitaltmuseum.org/85A2C650-CFF7-446C-8104-223E7C84201A";;;;;;;;;;;;;"Skansen Primus ObjektId: 67332|Skansen Primus Identifikationsnummer: SKABYG.0080802";;;;"No";;;"Public Domain Dedication (CC0)";;
f522f69d-2e1c-44ae-bd67-2bf35b684886;Building;dd5fb8ca-f314-4dbe-ae24-12a23bf57195;26/10/2016 14:48:46;6c9f4972-d510-4e68-a525-18e8a3ff27f0;12/10/2018 15:36:04;"Skansens byggnader (Skansen) [sv]";;"Published";"Kokskjulet, Fäboden, Skansen [sv]";;;;;;;;;;;"Museal byggnad [sv]";;;;;;"Fäboden, Skansen (Museal byggnadsmiljö) [sv]";;;;;;;;;;;;;;;;;;"Skansen Primus ObjektId: 42732|Skansen Primus Identifikationsnummer: SKABYG.0031003";;;;"No";;;"Public Domain Dedication (CC0)";;
aff12ea7-940d-435b-8813-c5aa22e6652a;Building;dd5fb8ca-f314-4dbe-ae24-12a23bf57195;26/10/2016 14:48:58;7b89c094-da28-4fdb-bcd2-ce0db0df923e;26/09/2017 15:59:02;"Skansens byggnader (Skansen) [sv]";;"Published";"Kölnan, Skansen [sv]";;;;;;;;;;;"Museal byggnad [sv]";;;;;;"Kölnan, Skansen (Museal byggnadsmiljö) [sv]";;;;;;;;;;;;;;;;;;"Skansen Primus ObjektId: 42836|Skansen Primus Identifikationsnummer: SKABYG.0060501";;;;"No";;;"Public Domain Dedication (CC0)";;
74d70ea8-93e1-429d-93a1-0fc22e2e6840;Building;dd5fb8ca-f314-4dbe-ae24-12a23bf57195;26/10/2016 14:48:37;7b89c094-da28-4fdb-bcd2-ce0db0df923e;26/09/2017 15:59:01;"Skansens byggnader (Skansen) [sv]";;"Published";"Kolonidasset, Skansen [sv]";;;;;;;;;;;"Museal byggnad [sv]";;;;;;"Koloniområdet, Skansen (Museal byggnadsmiljö) [sv]";;;;;;;;;;;;;;;;;;"Skansen Primus ObjektId: 67246|Skansen Primus Identifikationsnummer: SKABYG.0012203";;;;"No";;;"Public Domain Dedication (CC0)";;
dc8e7d08-c534-4668-9474-b7ca9b4d8a5b;Building;dd5fb8ca-f314-4dbe-ae24-12a23bf57195;26/10/2016 14:48:35;7b89c094-da28-4fdb-bcd2-ce0db0df923e;26/09/2017 15:59:01;"Skansens byggnader (Skansen) [sv]";;"Published";"Kolonistugan 20-tal, Skansen [sv]";;;;;;;;;;;"Museal byggnad [sv]";;;;;;"Koloniområdet, Skansen (Museal byggnadsmiljö) [sv]";;;;;;;;;;;;;;;;;;"Skansen Primus ObjektId: 67244|Skansen Primus Identifikationsnummer: SKABYG.0012201";;;;"No";;;"Public Domain Dedication (CC0)";;
c922d757-73f9-4024-b650-db2f3093d4d1;Building;dd5fb8ca-f314-4dbe-ae24-12a23bf57195;26/10/2016 14:48:36;7b89c094-da28-4fdb-bcd2-ce0db0df923e;26/09/2017 15:59:01;"Skansens byggnader (Skansen) [sv]";;"Published";"Kolonistugan 40-tal, Skansen [sv]";;;;;;;;;;;"Museal byggnad [sv]";;;;;;"Koloniområdet, Skansen (Museal byggnadsmiljö) [sv]";;;;;;;;;;;;;;;;;;"Skansen Primus ObjektId: 67245|Skansen Primus Identifikationsnummer: SKABYG.0012202";;;;"No";;;"Public Domain Dedication (CC0)";;
22c9d4f1-faa3-4647-b5ba-23c15a44d385;Building;dd5fb8ca-f314-4dbe-ae24-12a23bf57195;26/10/2016 14:48:54;7b89c094-da28-4fdb-bcd2-ce0db0df923e;26/09/2017 15:59:01;"Skansens byggnader (Skansen) [sv]";;"Published";"Kronbergs atelje, Skansen [sv]";;;;;;;;;"Ateljén uppförd 1889 efter Julius Kronbergs egna ritningar.\nByggdes till 1912 med en ?salongsateljé? enligt ritningar utförda av av arkitekten J.J:son Gate.\nNär Julius Kronberg avled 1921 köptes ateljén av Wilhelmina von Hallwyl. Den skänktes till Skansen och flyttades 1922. [sv]";;"Museal byggnad [sv]";"";;;;;"Kronbergs atelje, Skansen (Museal byggnadsmiljö) [sv]";;;;;;;;;;;;;;;;;;"Skansen Primus ObjektId: 67248|Skansen Primus Identifikationsnummer: SKABYG.0051501";;;;"No";;;"Public Domain Dedication (CC0)";;
4ec36fd1-8373-477e-9ea4-aa207acae944;Building;dd5fb8ca-f314-4dbe-ae24-12a23bf57195;26/10/2016 14:48:33;7b89c094-da28-4fdb-bcd2-ce0db0df923e;26/09/2017 15:59:02;"Skansens byggnader (Skansen) [sv]";;"Published";"Krukmakeriet, Skansen [sv]";;;;;;;;;;;"Museal byggnad [sv]";;;;;;"Krukmakerigården, Skansen (Museal byggnadsmiljö) [sv]";;;;;;;;;;;;;;;;;;"Skansen Primus ObjektId: 67548|Skansen Primus Identifikationsnummer: SKABYG.0011001";;;;"No";;;"Public Domain Dedication (CC0)";;
35d6322b-ad65-4ccd-8b3a-a3e117150c01;Building;dd5fb8ca-f314-4dbe-ae24-12a23bf57195;26/10/2016 14:48:32;6c9f4972-d510-4e68-a525-18e8a3ff27f0;08/04/2019 10:01:06;"Skansens byggnader (Skansen) [sv]";;"Published";"Kryddkramhandlarens hus, Skansen [sv]";"Huset från Bondegatan [sv]";;;;;;;;;;"Museal byggnad [sv]";;;;;;"Boktryckargården, Skansen (Museal byggnadsmiljö) [sv]";;;;;;;;;;;;;;;;;;"Skansen Primus ObjektId: 42632|Skansen Primus Identifikationsnummer: SKABYG.0010802";;;;"No";;;"Public Domain Dedication (CC0)";;
a1c4937f-68c8-4d54-8046-d522ffb553e0;Building;dd5fb8ca-f314-4dbe-ae24-12a23bf57195;26/10/2016 14:49:03;6c9f4972-d510-4e68-a525-18e8a3ff27f0;20/04/2020 09:55:08;"Skansens byggnader (Skansen) [sv]";;"Published";"Kyrkhultstugan, Skansen [sv]";"SKABYG.0080101 [sv]";;;;;;;;;;"Museal byggnad [sv]";;;;;"";"Kyrkhultstugan, Skansen (Museal byggnadsmiljö) [sv]";;;;"http://www.wikidata.org/entity/Q18291548";;;"https://digitaltmuseum.se/021057052345/kyrkhultsstugan?slide=0&i=0&aq=text%3A%22kyrkhultsstugan%22";;;;;;;;;;;"Skansen Primus ObjektId: 67250|Skansen Primus Identifikationsnummer: SKABYG.0080101";;;;"No";;;"Public Domain Dedication (CC0)";;
6580be43-1175-43c0-98bb-b919429584c3;Building;dd5fb8ca-f314-4dbe-ae24-12a23bf57195;26/10/2016 14:48:32;d60be37a-1a45-4aa8-819b-4db938095dda;12/07/2022 09:05:58;"Skansens byggnader (Skansen) [sv]";;"Published";"Kyrkoherdens lusthus, Boktryckargården, Skansen [sv]";;;;;;;;;;;"Museal byggnad [sv]";;;;;"";"Boktryckargården, Skansen (Museal byggnadsmiljö) [sv]";;;;;"https://www.wikidata.org/wiki/Q60500505";;;;;;;;;;;;;"Skansen Primus ObjektId: 42633|Skansen Primus Identifikationsnummer: SKABYG.0010803";;;;"No";;;"Public Domain Dedication (CC0)";;
e1444997-ae7e-463a-8569-478fb0ef1dee;Building;dd5fb8ca-f314-4dbe-ae24-12a23bf57195;26/10/2016 14:48:38;6c9f4972-d510-4e68-a525-18e8a3ff27f0;12/10/2018 15:54:43;"Skansens byggnader (Skansen) [sv]";;"Published";"Ladan, Älvrosgården, Skansen [sv]";;;;;;;;;;;"Museal byggnad [sv]";;;;;;"Älvrosgården, Skansen (Museal byggnadsmiljö) [sv]";;;;;;;;;;;;;;;;;;"Skansen Primus ObjektId: 43069|Skansen Primus Identifikationsnummer: SKABYG.0030104";;;;"No";;;"Public Domain Dedication (CC0)";;
e15a1e54-ddba-4b3c-9f01-be3de97f6e97;Building;dd5fb8ca-f314-4dbe-ae24-12a23bf57195;26/10/2016 14:48:58;6c9f4972-d510-4e68-a525-18e8a3ff27f0;08/04/2019 13:57:11;"Skansens byggnader (Skansen) [sv]";;"Published";"Ladugården, Soldattorpet, Skansen [sv]";;;;;;;;;;;"Museal byggnad [sv]";;;;;;"Soldattorpet, Skansen (Museal byggnadsmiljö) [sv]";;;;;;;;;;;;;;;;;;"Skansen Primus ObjektId: 58465|Skansen Primus Identifikationsnummer: SKABYG.0060702";;;;"No";;;"Public Domain Dedication (CC0)";;
91911842-e027-479b-897c-67ffa3568d71;Building;dd5fb8ca-f314-4dbe-ae24-12a23bf57195;26/10/2016 14:48:55;d60be37a-1a45-4aa8-819b-4db938095dda;19/08/2022 12:35:01;"Skansens byggnader (Skansen) [sv]";;"Published";"Laxbrostugan, Bergsmansgården, Skansen [sv]";;;;;;;;;;;"Museal byggnad [sv]";;;;;"";"Bergsmansgården, Skansen (Museal byggnadsmiljö) [sv]";;;;"http://www.wikidata.org/entity/Q60557041";;;;;;;;;;;;;;"Skansen Primus ObjektId: 42620|Skansen Primus Identifikationsnummer: SKABYG.0060201";;;;"No";;;"Public Domain Dedication (CC0)";;
535960ca-e006-4a92-b278-8fe30c821c58;Building;dd5fb8ca-f314-4dbe-ae24-12a23bf57195;26/10/2016 14:48:38;6c9f4972-d510-4e68-a525-18e8a3ff27f0;12/10/2018 15:56:02;"Skansens byggnader (Skansen) [sv]";;"Published";"Lekstugan, Älvrosgården, Skansen [sv]";;;;;;;;;;;"Museal byggnad [sv]";;;;;;"Älvrosgården, Skansen (Museal byggnadsmiljö) [sv]";;;;;;;;;;;;;;;;;;"Skansen Primus ObjektId: 43081|Skansen Primus Identifikationsnummer: SKABYG.0030109";;;;"No";;;"Public Domain Dedication (CC0)";;
8f56502b-3961-4580-9d12-789899560041;Building;dd5fb8ca-f314-4dbe-ae24-12a23bf57195;26/10/2016 14:48:53;7b89c094-da28-4fdb-bcd2-ce0db0df923e;26/09/2017 15:59:03;"Skansens byggnader (Skansen) [sv]";;"Published";"Linberedningsverket, Skansen [sv]";;;;;;;;;;;"Museal byggnad [sv]";;;;;;"Linberedningsverket, Skansen (Museal byggnadsmiljö) [sv]";;;;;;;;;;;;;;;;;;"Skansen Primus ObjektId: 42840|Skansen Primus Identifikationsnummer: SKABYG.0032001";;;;"No";;;"Public Domain Dedication (CC0)";;
29d08ef2-f377-4f19-bba1-dd1d8f0d0d4e;Building;dd5fb8ca-f314-4dbe-ae24-12a23bf57195;26/10/2016 14:48:37;6c9f4972-d510-4e68-a525-18e8a3ff27f0;12/10/2018 15:56:44;"Skansens byggnader (Skansen) [sv]";;"Published";"Logen och loftlängan, Älvrosgården, Skansen [sv]";;;;;;;;;;;"Museal byggnad [sv]";;;;;;"Älvrosgården, Skansen (Museal byggnadsmiljö) [sv]";;;;;;;;;;;;;;;;;;"Skansen Primus ObjektId: 43054|Skansen Primus Identifikationsnummer: SKABYG.0030102";;;;"No";;;"Public Domain Dedication (CC0)";;
eea55b7d-155f-4b71-82dd-0ea33c885dbe;Building;dd5fb8ca-f314-4dbe-ae24-12a23bf57195;26/10/2016 14:48:57;6c9f4972-d510-4e68-a525-18e8a3ff27f0;10/10/2018 15:44:48;"Skansens byggnader (Skansen) [sv]";;"Published";"Logen, Finngården, Skansen [sv]";;;;;;;;;;;"Museal byggnad [sv]";;;;;;"Finngården, Skansen (Museal byggnadsmiljö) [sv]";;;;;;;;;;;;;;;;;;"Skansen Primus ObjektId: 42707|Skansen Primus Identifikationsnummer: SKABYG.0060403";;;;"No";;;"Public Domain Dedication (CC0)";;
75a416d8-605c-4492-9a14-baa8957c2c1d;Building;dd5fb8ca-f314-4dbe-ae24-12a23bf57195;26/10/2016 14:49:07;6c9f4972-d510-4e68-a525-18e8a3ff27f0;25/09/2018 11:19:13;"Skansens byggnader (Skansen) [sv]";;"Published";"Logen, Skogaholms herrgård, Skansen [sv]";;;;;;;;;;;"Museal byggnad [sv]";;;;;;"Skogaholm, Skansen (Museal byggnadsmiljö) [sv]";;;;;;;;;;;;;;;;;;"Skansen Primus ObjektId: 67338|Skansen Primus Identifikationsnummer: SKABYG.0080808";;;;"No";;;"Public Domain Dedication (CC0)";;
5b309640-710d-4d1a-ad36-85d4eb7c8ad2;Building;dd5fb8ca-f314-4dbe-ae24-12a23bf57195;26/10/2016 14:48:39;6c9f4972-d510-4e68-a525-18e8a3ff27f0;12/10/2018 15:57:33;"Skansens byggnader (Skansen) [sv]";;"Published";"Lövladan, Älvrosgården, Skansen [sv]";;;;;;;;;;;"Museal byggnad [sv]";;;;;;"Älvrosgården, Skansen (Museal byggnadsmiljö) [sv]";;;;;;;;;;;;;;;;;;"Skansen Primus ObjektId: 43089|Skansen Primus Identifikationsnummer: SKABYG.0030112";;;;"No";;;"Public Domain Dedication (CC0)";;
8f101316-7476-45ef-8eca-0b8adbee1d65;Building;dd5fb8ca-f314-4dbe-ae24-12a23bf57195;26/10/2016 14:48:45;7b89c094-da28-4fdb-bcd2-ce0db0df923e;26/09/2017 15:59:03;"Skansens byggnader (Skansen) [sv]";;"Published";"Lövladan, Skansen [sv]";;;;;;;;;;;"Museal byggnad [sv]";;;;;;"Lövladan, Skansen (Museal byggnadsmiljö) [sv]";;;;;;;;;;;;;;;;;;"Skansen Primus ObjektId: 67252|Skansen Primus Identifikationsnummer: SKABYG.0030901";;;;"No";;;"Public Domain Dedication (CC0)";;
8a2b1626-0693-4b09-96d9-dbb771743fac;Building;dd5fb8ca-f314-4dbe-ae24-12a23bf57195;26/10/2016 14:49:07;7b89c094-da28-4fdb-bcd2-ce0db0df923e;26/09/2017 15:59:03;"Skansens byggnader (Skansen) [sv]";;"Published";"Lusthuset från Bellmansgatan, Skansen [sv]";;;;;;;;;;;"Museal byggnad [sv]";;;;;;"Skogaholm, Skansen (Museal byggnadsmiljö) [sv]";;;;;;;;;;;;;;;;;;"Skansen Primus ObjektId: 67336|Skansen Primus Identifikationsnummer: SKABYG.0080806";;;;"No";;;"Public Domain Dedication (CC0)";;
cec83a16-43ef-495c-bde6-2f7c0bb2f322;Building;dd5fb8ca-f314-4dbe-ae24-12a23bf57195;26/10/2016 14:48:37;7b89c094-da28-4fdb-bcd2-ce0db0df923e;26/09/2017 15:59:03;"Skansens byggnader (Skansen) [sv]";;"Published";"Makalös, Skansen [sv]";;;;;;;;;;;"Museal byggnad [sv]";;;;;;"Makalös, Skansen (Museal byggnadsmiljö) [sv]";;;;;;;;;;;;;;;;;;"Skansen Primus ObjektId: 67254|Skansen Primus Identifikationsnummer: SKABYG.0021001";;;;"No";;;"Public Domain Dedication (CC0)";;
3c2c96d0-c31a-482a-817d-8fdaaf3c1ef4;Building;dd5fb8ca-f314-4dbe-ae24-12a23bf57195;26/10/2016 14:48:35;7b89c094-da28-4fdb-bcd2-ce0db0df923e;26/09/2017 15:59:03;"Skansens byggnader (Skansen) [sv]";;"Published";"Mekaniska verkstaden, Skansen [sv]";;;;;;;;;;;"Museal byggnad [sv]";;;;;;"Mekaniska verkstaden, Skansen (Museal byggnadsmiljö) [sv]";;;;;;;;;;;;;;;;;;"Skansen Primus ObjektId: 42845|Skansen Primus Identifikationsnummer: SKABYG.0011801";;;;"No";;;"Public Domain Dedication (CC0)";;
90afcd00-abc7-4889-a994-4c74bbcdd8b1;Building;dd5fb8ca-f314-4dbe-ae24-12a23bf57195;26/10/2016 14:48:56;7b89c094-da28-4fdb-bcd2-ce0db0df923e;26/09/2017 15:59:03;"Skansens byggnader (Skansen) [sv]";;"Published";"Missionshuset, Skansen [sv]";;;;;;;;;;;"Museal byggnad [sv]";;;;;;"Missionshuset, Skansen (Museal byggnadsmiljö) [sv]";;;;;;;;;;;;;;;;;;"Skansen Primus ObjektId: 42852|Skansen Primus Identifikationsnummer: SKABYG.0060301";;;;"No";;;"Public Domain Dedication (CC0)";;
04063f34-778f-4b61-95fd-3aed662b22d2;Building;dd5fb8ca-f314-4dbe-ae24-12a23bf57195;26/10/2016 14:48:46;6c9f4972-d510-4e68-a525-18e8a3ff27f0;12/10/2018 15:42:16;"Skansens byggnader (Skansen) [sv]";;"Published";"Mjölkboden från Dovsbodarna, Fäboden, Skansen [sv]";;;;;;;;;;;"Museal byggnad [sv]";;;;;;"Fäboden, Skansen (Museal byggnadsmiljö) [sv]";;;;;;;;;;;;;;;;;;"Skansen Primus ObjektId: 42731|Skansen Primus Identifikationsnummer: SKABYG.0031002";;;;"No";;;"Public Domain Dedication (CC0)";;
41d66609-82aa-430e-823c-aa11fcb94d36;Building;dd5fb8ca-f314-4dbe-ae24-12a23bf57195;26/10/2016 14:48:40;6c9f4972-d510-4e68-a525-18e8a3ff27f0;12/10/2018 16:38:52;"Skansens byggnader (Skansen) [sv]";;"Published";"Morastugan, Moragården, Skansen [sv]";;;;;;;;;;;"Museal byggnad [sv]";;;;;;"Moragården, Skansen (Museal byggnadsmiljö) [sv]";;;;;;;;;;;;;;;;;;"Skansen Primus ObjektId: 67274|Skansen Primus Identifikationsnummer: SKABYG.0030501";;;;"No";;;"Public Domain Dedication (CC0)";;
73cc3cc4-9729-4052-b518-013aed50ea1a;Building;dd5fb8ca-f314-4dbe-ae24-12a23bf57195;26/10/2016 14:48:54;7b89c094-da28-4fdb-bcd2-ce0db0df923e;26/09/2017 15:59:03;"Skansens byggnader (Skansen) [sv]";;"Published";"Neder-Kalixladan, Skansen [sv]";;;;;;;;;;;"Museal byggnad [sv]";;;;;;"Neder-Kalixladan, Skansen (Museal byggnadsmiljö) [sv]";;;;;;;;;;;;;;;;;;"Skansen Primus ObjektId: 42258|Skansen Primus Identifikationsnummer: SKABYG.0032101";;;;"No";;;"Public Domain Dedication (CC0)";;
80ff21be-b0a8-4933-8d9d-9221c9041366;Building;dd5fb8ca-f314-4dbe-ae24-12a23bf57195;26/10/2016 14:48:49;6c9f4972-d510-4e68-a525-18e8a3ff27f0;11/10/2018 11:02:16;"Skansens byggnader (Skansen) [sv]";;"Published";"Njallan, Saemien sïjte, Skansen [sv]";;;;;;;;;;;"Museal byggnad [sv]";;;;;;"Samisk sita, Skansen (Museal byggnadsmiljö) [sv]";;;;;;;;;;;;;;;;;;"Skansen Primus ObjektId: 67329|Skansen Primus Identifikationsnummer: SKABYG.0031104";;;;"No";;;"Public Domain Dedication (CC0)";;
8223ca98-84b6-4991-8e6c-02d47816a687;Building;dd5fb8ca-f314-4dbe-ae24-12a23bf57195;26/10/2016 14:49:02;6c9f4972-d510-4e68-a525-18e8a3ff27f0;09/10/2018 13:51:30;"Skansens byggnader (Skansen) [sv]";;"Published";"Norra log och ladlängan, Skånegården, Skansen [sv]";;;;;;;;;;;"Museal byggnad [sv]";;;;;;"Skånegården, Skansen (Museal byggnadsmiljö) [sv]";;;;;;;;;;;;;;;;;;"Skansen Primus ObjektId: 67446|Skansen Primus Identifikationsnummer: SKABYG.0070603";;;;"No";;;"Public Domain Dedication (CC0)";;
ab9dac8c-8c58-46c3-aa5d-13f28191a7bd;Building;dd5fb8ca-f314-4dbe-ae24-12a23bf57195;26/10/2016 14:48:54;7b89c094-da28-4fdb-bcd2-ce0db0df923e;26/09/2017 15:59:04;"Skansens byggnader (Skansen) [sv]";;"Published";"Nyloftet, Skansen [sv]";;;;;;;;;;;"Museal byggnad [sv]";;;;;;"Balderslunden, Skansen (Museal byggnadsmiljö) [sv]";;;;;;;;;;;;;;;;;;"Skansen Primus ObjektId: 67167|Skansen Primus Identifikationsnummer: SKABYG.0051001";;;;"No";;;"Public Domain Dedication (CC0)";;
662c9bd3-4676-4422-afe2-80b3070e501a;Building;dd5fb8ca-f314-4dbe-ae24-12a23bf57195;26/10/2016 14:48:54;7b89c094-da28-4fdb-bcd2-ce0db0df923e;26/09/2017 15:59:04;"Skansens byggnader (Skansen) [sv]";;"Published";"Ordenshuset, Skansen [sv]";;;;;;;;;;;"Museal byggnad [sv]";;;;;;"Ordenshuset, IOGT, Skansen (Museal byggnadsmiljö) [sv]";;;;;;;;;;;;;;;;;;"Skansen Primus ObjektId: 42954|Skansen Primus Identifikationsnummer: SKABYG.0060101";;;;"No";;;"Public Domain Dedication (CC0)";;
239f843a-8e46-4d19-a775-82433a4dbeec;Building;dd5fb8ca-f314-4dbe-ae24-12a23bf57195;26/10/2016 14:48:59;6c9f4972-d510-4e68-a525-18e8a3ff27f0;08/04/2019 10:50:03;"Skansens byggnader (Skansen) [sv]";;"Published";"Östra loglängan, Oktorpsgården, Skansen [sv]";;;;;;;;;;;"Museal byggnad [sv]";;;;;;"Oktorpsgården, Skansen (Museal byggnadsmiljö) [sv]";;;;;;;;;;;;;;;;;;"Skansen Primus ObjektId: 67297|Skansen Primus Identifikationsnummer: SKABYG.0070104";;;;"No";;;"Public Domain Dedication (CC0)";;
3f7beb4f-275a-4aa9-aef4-72b86fa7bf24;Building;dd5fb8ca-f314-4dbe-ae24-12a23bf57195;26/10/2016 14:49:07;6c9f4972-d510-4e68-a525-18e8a3ff27f0;25/09/2018 11:21:04;"Skansens byggnader (Skansen) [sv]";;"Published";"Östra paviljongen, Skogaholms herrgård, Skansen [sv]";;;;;;;;;;;"Museal byggnad [sv]";;;;;;"Skogaholm, Skansen (Museal byggnadsmiljö) [sv]";;;;;;;;;;;;;;;;;;"Skansen Primus ObjektId: 67334|Skansen Primus Identifikationsnummer: SKABYG.0080804";;;;"No";;;"Public Domain Dedication (CC0)";;
1b07225c-0db2-4d35-b9f3-e02f75bb0564;Building;dd5fb8ca-f314-4dbe-ae24-12a23bf57195;26/10/2016 14:48:31;7b89c094-da28-4fdb-bcd2-ce0db0df923e;26/09/2017 15:59:04;"Skansens byggnader (Skansen) [sv]";;"Published";"Petissan, Skansen [sv]";;;;;;;;;;;"Museal byggnad [sv]";;;;;;"Petissans gård, Skansen (Museal byggnadsmiljö) [sv]";;;;;;;;;;;;;;;;;;"Skansen Primus ObjektId: 42975|Skansen Primus Identifikationsnummer: SKABYG.0010501";;;;"No";;;"Public Domain Dedication (CC0)";;
3fdba735-608b-4a69-b78a-4e5038960a07;Building;dd5fb8ca-f314-4dbe-ae24-12a23bf57195;26/10/2016 14:48:31;d60be37a-1a45-4aa8-819b-4db938095dda;12/07/2022 09:14:00;"Skansens byggnader (Skansen) [sv]";;"Published";"Plåtslageriet, Skansen [sv]";;;;;;;;;;;"Museal byggnad [sv]";;;;;"";"Petissans gård, Skansen (Museal byggnadsmiljö) [sv]";;;;;"https://www.wikidata.org/wiki/Q60232492";;;;;;;;;;;;;"Skansen Primus ObjektId: 42977|Skansen Primus Identifikationsnummer: SKABYG.0010503";;;;"No";;;"Public Domain Dedication (CC0)";;
165307ab-a6f5-482f-bd42-5c475a55d18b;Building;dd5fb8ca-f314-4dbe-ae24-12a23bf57195;26/10/2016 14:49:00;6c9f4972-d510-4e68-a525-18e8a3ff27f0;08/04/2019 11:01:32;"Skansens byggnader (Skansen) [sv]";;"Published";"Porten, Oktorpsgården, Skansen [sv]";;;;;;;;;;;"Museal byggnad [sv]";;;;;;"Oktorpsgården, Skansen (Museal byggnadsmiljö) [sv]";;;;;;;;;;;;;;;;;;"Skansen Primus ObjektId: 67300|Skansen Primus Identifikationsnummer: SKABYG.0070107";;;;"No";;;"Public Domain Dedication (CC0)";;
e60b6017-0e01-412e-989e-fd85e0fe82f6;Building;dd5fb8ca-f314-4dbe-ae24-12a23bf57195;26/10/2016 14:48:37;7b89c094-da28-4fdb-bcd2-ce0db0df923e;26/09/2017 15:59:04;"Skansens byggnader (Skansen) [sv]";;"Published";"Posthuset, Skansen [sv]";;;;;;;;;;;"Museal byggnad [sv]";;;;;;"Posthuset, Skansen (Museal byggnadsmiljö) [sv]";;;;;;;;;;;;;;;;;;"Skansen Primus ObjektId: 42988|Skansen Primus Identifikationsnummer: SKABYG.0012301";;;;"No";;;"Public Domain Dedication (CC0)";;
8c5a8d90-b2e7-4981-bcf0-1800196a4adb;Building;dd5fb8ca-f314-4dbe-ae24-12a23bf57195;26/10/2016 14:48:58;7b89c094-da28-4fdb-bcd2-ce0db0df923e;26/09/2017 15:59:04;"Skansens byggnader (Skansen) [sv]";;"Published";"Ransätersboden, Skansen [sv]";;;;;;;;;;;"Museal byggnad [sv]";;;;;;"Ransätersboden, Skansen (Museal byggnadsmiljö) [sv]";;;;;;;;;;;;;;;;;;"Skansen Primus ObjektId: 43001|Skansen Primus Identifikationsnummer: SKABYG.0060601";;;;"No";;;"Public Domain Dedication (CC0)";;
fea880d6-818f-4d84-ba40-9efc03bcbbc0;Building;dd5fb8ca-f314-4dbe-ae24-12a23bf57195;26/10/2016 14:48:57;6c9f4972-d510-4e68-a525-18e8a3ff27f0;10/10/2018 15:45:56;"Skansens byggnader (Skansen) [sv]";;"Published";"Rian, Finngården, Skansen [sv]";;;;;;;;;;;"Museal byggnad [sv]";;;;;;"Finngården, Skansen (Museal byggnadsmiljö) [sv]";;;;;;;;;;;;;;;;;;"Skansen Primus ObjektId: 42708|Skansen Primus Identifikationsnummer: SKABYG.0060402";;;;"No";;;"Public Domain Dedication (CC0)";;
91b937c3-be44-4348-962e-4c89ffaf767a;Building;dd5fb8ca-f314-4dbe-ae24-12a23bf57195;26/10/2016 14:48:57;6c9f4972-d510-4e68-a525-18e8a3ff27f0;10/10/2018 15:46:59;"Skansens byggnader (Skansen) [sv]";;"Published";"Rökstugan, Finngården, Skansen [sv]";;;;;;;;;;;"Museal byggnad [sv]";;;;;;"Finngården, Skansen (Museal byggnadsmiljö) [sv]";;;;;;;;;;;;;;;;;;"Skansen Primus ObjektId: 42704|Skansen Primus Identifikationsnummer: SKABYG.0060401";;;;"No";;;"Public Domain Dedication (CC0)";;
5ce0741e-5623-4e01-8e8c-f08ee95b4895;Building;dd5fb8ca-f314-4dbe-ae24-12a23bf57195;26/10/2016 14:48:50;6c9f4972-d510-4e68-a525-18e8a3ff27f0;10/10/2018 09:34:13;"Skansens byggnader (Skansen) [sv]";;"Published";"Sängstugan, Delsbogården, Skansen [sv]";;;;;;;;;;;"Museal byggnad [sv]";;;;;;"Delsbogården, Skansen (Museal byggnadsmiljö) [sv]";;;;;;;;;;;;;;;;;;"Skansen Primus ObjektId: 67183|Skansen Primus Identifikationsnummer: SKABYG.0031403";;;;"No";;;"Public Domain Dedication (CC0)";;
9e7091b5-abe0-4149-bae4-2cabc95e3b5f;Building;dd5fb8ca-f314-4dbe-ae24-12a23bf57195;26/10/2016 14:48:43;6c9f4972-d510-4e68-a525-18e8a3ff27f0;25/02/2019 15:39:55;"Skansens byggnader (Skansen) [sv]";;"Published";"Säshärbret, Moragården, Skansen [sv]";;;;;;;;;;;"Museal byggnad [sv]";;;;;;"Moragården, Skansen (Museal byggnadsmiljö) [sv]";;;;;;;;;;;;;;;;;;"Skansen Primus ObjektId: 67280|Skansen Primus Identifikationsnummer: SKABYG.0030507";;;;"No";;;"Public Domain Dedication (CC0)";;
2fa4e578-bd8c-4fd1-afbc-3b6ef911aba2;Building;dd5fb8ca-f314-4dbe-ae24-12a23bf57195;26/10/2016 14:49:03;7b89c094-da28-4fdb-bcd2-ce0db0df923e;26/09/2017 15:59:04;"Skansens byggnader (Skansen) [sv]";;"Published";"Seglora kyrka, Skansen [sv]";;;;;;;;;;;"Museal byggnad [sv]";;;;;;"Seglora kyrka, Skansen (Museal byggnadsmiljö) [sv]";;;;;;;;;;;;;;;;;;"Skansen Primus ObjektId: 58365|Skansen Primus Identifikationsnummer: SKABYG.0080201";;;;"No";;;"Public Domain Dedication (CC0)";;
b2c4806c-e9bf-41b6-90d9-518a93b528de;Building;dd5fb8ca-f314-4dbe-ae24-12a23bf57195;26/10/2016 14:48:53;7b89c094-da28-4fdb-bcd2-ce0db0df923e;26/09/2017 15:59:05;"Skansens byggnader (Skansen) [sv]";;"Published";"Skogsarbetarkojan, Skansen [sv]";;;;;;;;;;;"Museal byggnad [sv]";;;;;;"Skogsarbetarkojan, Skansen (Museal byggnadsmiljö) [sv]";;;;;;;;;;;;;;;;;;"Skansen Primus ObjektId: 58459|Skansen Primus Identifikationsnummer: SKABYG.0031901";;;;"No";;;"Public Domain Dedication (CC0)";;
7d71bfa9-dc04-4a31-93fa-290834bcbbca;Building;dd5fb8ca-f314-4dbe-ae24-12a23bf57195;26/10/2016 14:49:02;d60be37a-1a45-4aa8-819b-4db938095dda;23/08/2022 15:34:20;"Skansens byggnader (Skansen) [sv]";;"Published";"Skolbyggnaden, Väla skola, Skansen [sv]";;;;;;;;;;;"Museal byggnad [sv]";;;;;"";"Väla skola, Skansen (Museal byggnadsmiljö) [sv]";;;;"http://www.wikidata.org/entity/Q59652695";;;;;;;;;;;;;;"Skansen Primus ObjektId: 67500|Skansen Primus Identifikationsnummer: SKABYG.0070701";;;;"No";;;"Public Domain Dedication (CC0)";;
916fabc5-9575-4c15-8a8d-01ebed2345be;Building;dd5fb8ca-f314-4dbe-ae24-12a23bf57195;26/10/2016 14:48:33;7b89c094-da28-4fdb-bcd2-ce0db0df923e;26/09/2017 15:59:05;"Skansens byggnader (Skansen) [sv]";;"Published";"Skomakarhuset, Skansen [sv]";;;;;;;;;;;"Museal byggnad [sv]";;;;;;"Skomakargården, Skansen (Museal byggnadsmiljö) [sv]";;;;;;;;;;;;;;;;;;"Skansen Primus ObjektId: 67427|Skansen Primus Identifikationsnummer: SKABYG.0011301";;;;"No";;;"Public Domain Dedication (CC0)";;
1242da26-4fed-4901-9850-204b6f7cf9c1;Building;dd5fb8ca-f314-4dbe-ae24-12a23bf57195;26/10/2016 14:49:04;7b89c094-da28-4fdb-bcd2-ce0db0df923e;26/09/2017 15:59:05;"Skansens byggnader (Skansen) [sv]";;"Published";"Skostallet, Skansen [sv]";;;;;;;;;;;"Museal byggnad [sv]";;;;;;"Seglora kyrka, Skansen (Museal byggnadsmiljö) [sv]";;;;;;;;;;;;;;;;;;"Skansen Primus ObjektId: 101669|Skansen Primus Identifikationsnummer: SKABYG.0080301";;;;"No";;;"Public Domain Dedication (CC0)";;
49714c26-031f-4aa7-ba0e-d03d9a00836f;Building;dd5fb8ca-f314-4dbe-ae24-12a23bf57195;26/10/2016 14:49:00;7b89c094-da28-4fdb-bcd2-ce0db0df923e;26/09/2017 15:59:05;"Skansens byggnader (Skansen) [sv]";;"Published";"Skvaltkvarnen, Skansen [sv]";;;;;;;;;;;"Museal byggnad [sv]";;;;;;"Skvaltkvarnen, Skansen (Museal byggnadsmiljö) [sv]";;;;;;;;;;;;;;;;;;"Skansen Primus ObjektId: 42259|Skansen Primus Identifikationsnummer: SKABYG.0070301";;;;"No";;;"Public Domain Dedication (CC0)";;
d8319681-440b-45aa-814f-29fc725a5110;Building;dd5fb8ca-f314-4dbe-ae24-12a23bf57195;26/10/2016 14:48:45;7b89c094-da28-4fdb-bcd2-ce0db0df923e;26/09/2017 15:59:05;"Skansens byggnader (Skansen) [sv]";;"Published";"Slogboden, Skansen [sv]";;;;;;;;;;;"Museal byggnad [sv]";;;;;;"Slogboden, Skansen (Museal byggnadsmiljö) [sv]";;;;;;;;;;;;;;;;;;"Skansen Primus ObjektId: 67607|Skansen Primus Identifikationsnummer: SKABYG.0030801";;;;"No";;;"Public Domain Dedication (CC0)";;
6c6204d5-f2d2-4c5e-a923-511d318cbdc5;Building;dd5fb8ca-f314-4dbe-ae24-12a23bf57195;26/10/2016 14:48:38;6c9f4972-d510-4e68-a525-18e8a3ff27f0;12/10/2018 15:58:07;"Skansens byggnader (Skansen) [sv]";;"Published";"Smedjan, Älvrosgården, Skansen [sv]";;;;;;;;;;;"Museal byggnad [sv]";;;;;;"Älvrosgården, Skansen (Museal byggnadsmiljö) [sv]";;;;;;;;;;;;;;;;;;"Skansen Primus ObjektId: 43079|Skansen Primus Identifikationsnummer: SKABYG.0030108";;;;"No";;;"Public Domain Dedication (CC0)";;
9b60acee-efd5-4123-aee6-e9977219c324;Building;dd5fb8ca-f314-4dbe-ae24-12a23bf57195;26/10/2016 14:49:04;7b89c094-da28-4fdb-bcd2-ce0db0df923e;26/09/2017 15:59:05;"Skansens byggnader (Skansen) [sv]";;"Published";"Smedjan, Skansen [sv]";;;;;;;;;;;"Museal byggnad [sv]";;;;;;"Seglora kyrka, Skansen (Museal byggnadsmiljö) [sv]";;;;;;;;;;;;;;;;;;"Skansen Primus ObjektId: 101670|Skansen Primus Identifikationsnummer: SKABYG.0080401";;;;"No";;;"Public Domain Dedication (CC0)";;
effb0913-6474-407e-a6ed-b3404ecea99a;Building;dd5fb8ca-f314-4dbe-ae24-12a23bf57195;26/10/2016 14:48:35;7b89c094-da28-4fdb-bcd2-ce0db0df923e;26/09/2017 15:59:05;"Skansens byggnader (Skansen) [sv]";;"Published";"Snickerifabriken, Skansen [sv]";;;;;;;;;;;"Museal byggnad [sv]";;;;;;"Snickerifabriken, Skansen (Museal byggnadsmiljö) [sv]";;;;;;;;;;;;;;;;;;"Skansen Primus ObjektId: 67609|Skansen Primus Identifikationsnummer: SKABYG.0011701";;;;"No";;;"Public Domain Dedication (CC0)";;
1e092df5-699c-42f3-847f-737f12eab8a9;Building;dd5fb8ca-f314-4dbe-ae24-12a23bf57195;26/10/2016 14:48:58;d60be37a-1a45-4aa8-819b-4db938095dda;12/07/2022 09:50:38;"Skansens byggnader (Skansen) [sv]";;"Published";"Soldattorpet, Skansen [sv]";;;;;;;;;;;"Museal byggnad [sv]";;;;;"";"Soldattorpet, Skansen (Museal byggnadsmiljö) [sv]";;;;;"https://www.wikidata.org/wiki/Q26253130";;;;;;;;;;;;;"Skansen Primus ObjektId: 58461|Skansen Primus Identifikationsnummer: SKABYG.0060701";;;;"No";;;"Public Domain Dedication (CC0)";;
3096ea8a-e218-45b5-9726-afa9f37470e4;Building;dd5fb8ca-f314-4dbe-ae24-12a23bf57195;26/10/2016 14:48:31;d60be37a-1a45-4aa8-819b-4db938095dda;12/07/2022 09:36:57;"Skansens byggnader (Skansen) [sv]";;"Published";"Spannmålshandlarens lusthus, Skansen [sv]";;;;;;;;;;;"Museal byggnad [sv]";;;;;"";"Malmgården, Skansen (Museal byggnadsmiljö) [sv]";;;;;"https://www.wikidata.org/wiki/Q60441747";;;;;;;;;;;;;"Skansen Primus ObjektId: 67098|Skansen Primus Identifikationsnummer: SKABYG.0010203";;;;"No";;;"Public Domain Dedication (CC0)";;
1979266d-3fc5-4733-8d08-57b0c734853e;Building;dd5fb8ca-f314-4dbe-ae24-12a23bf57195;26/10/2016 14:48:33;7b89c094-da28-4fdb-bcd2-ce0db0df923e;26/09/2017 15:59:06;"Skansens byggnader (Skansen) [sv]";;"Published";"Sparbanken, Skansen [sv]";;;;;;;;;;;"Museal byggnad [sv]";;;;;;"Sparbanksgården, Skansen (Museal byggnadsmiljö) [sv]";;;;;;;;;;;;;;;;;;"Skansen Primus ObjektId: 58451|Skansen Primus Identifikationsnummer: SKABYG.0011201";;;;"No";;;"Public Domain Dedication (CC0)";;
b277b007-0e15-40a7-a2a9-92940bc8a2dd;Building;dd5fb8ca-f314-4dbe-ae24-12a23bf57195;26/10/2016 14:48:38;6c9f4972-d510-4e68-a525-18e8a3ff27f0;12/10/2018 15:58:47;"Skansens byggnader (Skansen) [sv]";;"Published";"Stallängan, Älvrosgården, Skansen [sv]";;;;;;;;;;;"Museal byggnad [sv]";;;;;;"Älvrosgården, Skansen (Museal byggnadsmiljö) [sv]";;;;;;;;;;;;;;;;;;"Skansen Primus ObjektId: 43064|Skansen Primus Identifikationsnummer: SKABYG.0030103";;;;"No";;;"Public Domain Dedication (CC0)";;
3c13de71-8103-482f-a076-abe7005adad8;Building;dd5fb8ca-f314-4dbe-ae24-12a23bf57195;26/10/2016 14:48:59;6c9f4972-d510-4e68-a525-18e8a3ff27f0;08/04/2019 10:44:37;"Skansens byggnader (Skansen) [sv]";;"Published";"Stallängan, Oktorpsgården, Skansen [sv]";;;;;;;;;;;"Museal byggnad [sv]";;;;;;"Oktorpsgården, Skansen (Museal byggnadsmiljö) [sv]";;;;;;;;;;;;;;;;;;"Skansen Primus ObjektId: 67296|Skansen Primus Identifikationsnummer: SKABYG.0070103";;;;"No";;;"Public Domain Dedication (CC0)";;
3d88be6e-8e4f-44a5-967a-e3c01aca54bf;Building;dd5fb8ca-f314-4dbe-ae24-12a23bf57195;26/10/2016 14:48:52;6c9f4972-d510-4e68-a525-18e8a3ff27f0;10/10/2018 09:32:49;"Skansens byggnader (Skansen) [sv]";;"Published";"Stallet och loglängan, Delsbogården, Skansen [sv]";;;;;;;;;;;"Museal byggnad [sv]";;;;;;"Delsbogården, Skansen (Museal byggnadsmiljö) [sv]";;;;;;;;;;;;;;;;;;"Skansen Primus ObjektId: 67197|Skansen Primus Identifikationsnummer: SKABYG.0031405";;;;"No";;;"Public Domain Dedication (CC0)";;
b9bb64d5-aba8-457d-8e73-312696b7734f;Building;dd5fb8ca-f314-4dbe-ae24-12a23bf57195;26/10/2016 14:48:40;6c9f4972-d510-4e68-a525-18e8a3ff27f0;25/02/2019 15:38:52;"Skansens byggnader (Skansen) [sv]";;"Published";"Stallet, Moragården, Skansen [sv]";;;;;;;;;;;"Museal byggnad [sv]";;;;;;"Moragården, Skansen (Museal byggnadsmiljö) [sv]";;;;;;;;;;;;;;;;;;"Skansen Primus ObjektId: 67275|Skansen Primus Identifikationsnummer: SKABYG.0030502";;;;"No";;;"Public Domain Dedication (CC0)";;
b9201fd9-5b37-4b0f-86d6-f9e3b2c1d0e0;Building;dd5fb8ca-f314-4dbe-ae24-12a23bf57195;26/10/2016 14:49:02;6c9f4972-d510-4e68-a525-18e8a3ff27f0;09/10/2018 13:52:03;"Skansens byggnader (Skansen) [sv]";;"Published";"Stallet, Skånegården, Skansen [sv]";;;;;;;;;;;"Museal byggnad [sv]";;;;;;"Skånegården, Skansen (Museal byggnadsmiljö) [sv]";;;;;;;;;;;;;;;;;;"Skansen Primus ObjektId: 67454|Skansen Primus Identifikationsnummer: SKABYG.0070604";;;;"No";;;"Public Domain Dedication (CC0)";;
b2f34c74-204f-4ff6-becf-7fff59d32d4b;Building;dd5fb8ca-f314-4dbe-ae24-12a23bf57195;26/10/2016 14:49:04;7b89c094-da28-4fdb-bcd2-ce0db0df923e;26/09/2017 15:59:06;"Skansens byggnader (Skansen) [sv]";;"Published";"Statarlängan, Skansen [sv]";;;;;;;;;;;"Museal byggnad [sv]";;;;;;"Statarlängan, Skansen (Museal byggnadsmiljö) [sv]";;;;;;;;;;;;;;;;;;"Skansen Primus ObjektId: 67471|Skansen Primus Identifikationsnummer: SKABYG.0080701";;;;"No";;;"Public Domain Dedication (CC0)";;
d1f789d1-f5da-4d31-9ee7-dd69afc05103;Building;dd5fb8ca-f314-4dbe-ae24-12a23bf57195;26/10/2016 14:48:53;7b89c094-da28-4fdb-bcd2-ce0db0df923e;26/09/2017 15:59:06;"Skansens byggnader (Skansen) [sv]";;"Published";"Stenstugan, Skansen [sv]";;;;;;;;;;;"Museal byggnad [sv]";;;;;;"Stenstugan, Skansen (Museal byggnadsmiljö) [sv]";;;;;;;;;;;;;;;;;;"Skansen Primus ObjektId: 42260|Skansen Primus Identifikationsnummer: SKABYG.0031501";;;;"No";;;"Public Domain Dedication (CC0)";;
e49509d4-2b31-478e-a1ea-fdcbb5a03798;Building;dd5fb8ca-f314-4dbe-ae24-12a23bf57195;26/10/2016 14:49:04;6c9f4972-d510-4e68-a525-18e8a3ff27f0;08/04/2019 14:03:27;"Skansens byggnader (Skansen) [sv]";;"Published";"Stigluckan (söder), Seglora kyrka, Skansen [sv]";;;;;;;;;;;"Museal byggnad [sv]";;;;;;"Seglora kyrka, Skansen (Museal byggnadsmiljö) [sv]";;;;;;;;;;;;;;;;;;"Skansen Primus ObjektId: 58412|Skansen Primus Identifikationsnummer: SKABYG.0080203";;;;"No";;;"Public Domain Dedication (CC0)";;
ca73cbf6-65aa-42de-b8c9-91f18429be8d;Building;dd5fb8ca-f314-4dbe-ae24-12a23bf57195;26/10/2016 14:49:03;6c9f4972-d510-4e68-a525-18e8a3ff27f0;08/04/2019 14:04:03;"Skansens byggnader (Skansen) [sv]";;"Published";"Stigluckan (väster), Seglora kyrka, Skansen [sv]";;;;;;;;;;;"Museal byggnad [sv]";;;;;;"Seglora kyrka, Skansen (Museal byggnadsmiljö) [sv]";;;;;;;;;;;;;;;;;;"Skansen Primus ObjektId: 58367|Skansen Primus Identifikationsnummer: SKABYG.0080202";;;;"No";;;"Public Domain Dedication (CC0)";;
b962e10a-90c5-4d93-abbd-0d76e4221bbc;Building;dd5fb8ca-f314-4dbe-ae24-12a23bf57195;26/10/2016 14:48:38;6c9f4972-d510-4e68-a525-18e8a3ff27f0;12/10/2018 15:59:17;"Skansens byggnader (Skansen) [sv]";;"Published";"Stolpboden, Älvrosgården, Skansen [sv]";;;;;;;;;;;"Museal byggnad [sv]";;;;;;"Älvrosgården, Skansen (Museal byggnadsmiljö) [sv]";;;;;;;;;;;;;;;;;;"Skansen Primus ObjektId: 43076|Skansen Primus Identifikationsnummer: SKABYG.0030107";;;;"No";;;"Public Domain Dedication (CC0)";;
7209b170-6a09-4b34-aba2-ac3477140f29;Building;dd5fb8ca-f314-4dbe-ae24-12a23bf57195;26/10/2016 14:48:57;6c9f4972-d510-4e68-a525-18e8a3ff27f0;10/10/2018 16:04:56;"Skansens byggnader (Skansen) [sv]";;"Published";"Stolpboden, Finngården, Skansen [sv]";;;;;;;;;;;"Museal byggnad [sv]";;;;;;"Finngården, Skansen (Museal byggnadsmiljö) [sv]";;;;;;;;;;;;;;;;;;"Skansen Primus ObjektId: 42711|Skansen Primus Identifikationsnummer: SKABYG.0060404";;;;"No";;;"Public Domain Dedication (CC0)";;
b79fa9de-61d9-4056-96f5-54951748b6c7;Building;dd5fb8ca-f314-4dbe-ae24-12a23bf57195;26/10/2016 14:48:48;6c9f4972-d510-4e68-a525-18e8a3ff27f0;11/10/2018 11:02:51;"Skansens byggnader (Skansen) [sv]";;"Published";"Stolpboden, Saemien sïjte, Skansen [sv]";;;;;;;;;;;"Museal byggnad [sv]";;;;;;"Samisk sita, Skansen (Museal byggnadsmiljö) [sv]";;;;;;;;;;;;;;;;;;"Skansen Primus ObjektId: 67327|Skansen Primus Identifikationsnummer: SKABYG.0031102";;;;"No";;;"Public Domain Dedication (CC0)";;
f5b99dc9-22c0-4455-9004-e261f683b0c6;Building;dd5fb8ca-f314-4dbe-ae24-12a23bf57195;26/10/2016 14:48:33;7b89c094-da28-4fdb-bcd2-ce0db0df923e;26/09/2017 15:59:07;"Skansens byggnader (Skansen) [sv]";;"Published";"Stora Gungan, Skansen [sv]";;;;;;;;;;;"Museal byggnad [sv]";;;;;;"Stora Gungan, Skansen (Museal byggnadsmiljö) [sv]";;;;;;;;;;;;;;;;;;"Skansen Primus ObjektId: 67520|Skansen Primus Identifikationsnummer: SKABYG.0011401";;;;"No";;;"Public Domain Dedication (CC0)";;
4b847341-e0a2-4d96-a314-b01d092372a9;Building;dd5fb8ca-f314-4dbe-ae24-12a23bf57195;26/10/2016 14:48:52;6c9f4972-d510-4e68-a525-18e8a3ff27f0;10/10/2018 09:33:41;"Skansens byggnader (Skansen) [sv]";;"Published";"Sunnanåshärbret, Delsbogården, Skansen [sv]";;;;;;;;;;;"Museal byggnad [sv]";;;;;;"Delsbogården, Skansen (Museal byggnadsmiljö) [sv]";;;;;;;;;;;;;;;;;;"Skansen Primus ObjektId: 67204|Skansen Primus Identifikationsnummer: SKABYG.0031407";;;;"No";;;"Public Domain Dedication (CC0)";;
443a7f69-71b7-4509-b6f5-653e2cac8dc4;Building;dd5fb8ca-f314-4dbe-ae24-12a23bf57195;26/10/2016 14:48:37;7b89c094-da28-4fdb-bcd2-ce0db0df923e;26/09/2017 15:59:07;"Skansens byggnader (Skansen) [sv]";;"Published";"Swedenborgs lusthus, Skansen [sv]";;;;;;;;;;;"Museal byggnad [sv]";;;;;;"Swedenborgs lusthus, Skansen (Museal byggnadsmiljö) [sv]";;;;;;;;;;;;;;;;;;"Skansen Primus ObjektId: 67488|Skansen Primus Identifikationsnummer: SKABYG.0020701";;;;"No";;;"Public Domain Dedication (CC0)";;
8f9cfc75-0adb-404e-a04f-2890394032f4;Building;dd5fb8ca-f314-4dbe-ae24-12a23bf57195;26/10/2016 14:48:49;6c9f4972-d510-4e68-a525-18e8a3ff27f0;11/10/2018 11:11:36;"Skansens byggnader (Skansen) [sv]";;"Published";"Timmerkåtan, Saemien sïjte, Skansen [sv]";;;;;;;;;;;"Museal byggnad [sv]";;;;;;"Samisk sita, Skansen (Museal byggnadsmiljö) [sv]";;;;;;;;;;;;;;;;;;"Skansen Primus ObjektId: 67328|Skansen Primus Identifikationsnummer: SKABYG.0031103";;;;"No";;;"Public Domain Dedication (CC0)";;
89be5921-2c4d-4b41-8031-d4b689f14320;Building;dd5fb8ca-f314-4dbe-ae24-12a23bf57195;26/10/2016 14:48:52;6c9f4972-d510-4e68-a525-18e8a3ff27f0;10/10/2018 10:52:34;"Skansens byggnader (Skansen) [sv]";;"Published";"Tjärnmyrahärbret, Delsbogården, Skansen [sv]";;;;;;;;;;;"Museal byggnad [sv]";;;;;;"Delsbogården, Skansen (Museal byggnadsmiljö) [sv]";;;;;;;;;;;;;;;;;;"Skansen Primus ObjektId: 67202|Skansen Primus Identifikationsnummer: SKABYG.0031406";;;;"No";;;"Public Domain Dedication (CC0)";;
44badc8f-3264-43ce-89a0-c9cab12f8afa;Building;dd5fb8ca-f314-4dbe-ae24-12a23bf57195;26/10/2016 14:49:11;7b89c094-da28-4fdb-bcd2-ce0db0df923e;26/09/2017 15:59:08;"Skansens byggnader (Skansen) [sv]";;"Published";"Torslundakvarnen, Skansen [sv]";;;;;;;;;;;"Museal byggnad [sv]";;;;;;"Torslundakvarnen, Skansen (Museal byggnadsmiljö) [sv]";;;;;;;;;;;;;;;;;;"Skansen Primus ObjektId: 67603|Skansen Primus Identifikationsnummer: SKABYG.0081201";;;;"No";;;"Public Domain Dedication (CC0)";;
06e5eda9-9149-4f85-b256-8127c7dc085a;Building;dd5fb8ca-f314-4dbe-ae24-12a23bf57195;26/10/2016 14:48:48;6c9f4972-d510-4e68-a525-18e8a3ff27f0;11/10/2018 11:12:17;"Skansens byggnader (Skansen) [sv]";;"Published";"Torvkåtan, Saemien sïjte, Skansen [sv]";;;;;;;;;;;"Museal byggnad [sv]";;;;;;"Samisk sita, Skansen (Museal byggnadsmiljö) [sv]";;;;;;;;;;;;;;;;;;"Skansen Primus ObjektId: 67326|Skansen Primus Identifikationsnummer: SKABYG.0031101";;;;"No";;;"Public Domain Dedication (CC0)";;
89e33cb6-2195-4d5c-9391-ede85d6cc1ef;Building;dd5fb8ca-f314-4dbe-ae24-12a23bf57195;26/10/2016 14:48:32;7b89c094-da28-4fdb-bcd2-ce0db0df923e;26/09/2017 15:59:08;"Skansens byggnader (Skansen) [sv]";;"Published";"Tottieska gården, Skansen [sv]";;;;;;;;;;;"Museal byggnad [sv]";;;;;;"Tottieska gården, Skansen (Museal byggnadsmiljö) [sv]";;;;;;;;;;;;;;;;;;"Skansen Primus ObjektId: 43015|Skansen Primus Identifikationsnummer: SKABYG.0010601";;;;"No";;;"Public Domain Dedication (CC0)";;
d5c8b17c-49f5-4265-b062-c765a1031bc6;Building;dd5fb8ca-f314-4dbe-ae24-12a23bf57195;26/10/2016 14:48:34;7b89c094-da28-4fdb-bcd2-ce0db0df923e;26/09/2017 15:59:08;"Skansens byggnader (Skansen) [sv]";;"Published";"Trädgårdspaviljongen, Skansen [sv]";;;;;;;;;;;"Museal byggnad [sv]";;;;;;"Gubbhyllemiljön, Skansen (Museal byggnadsmiljö) [sv]";;;;;;;;;;;;;;;;;;"Skansen Primus ObjektId: 67209|Skansen Primus Identifikationsnummer: SKABYG.0011602";;;;"No";;;"Public Domain Dedication (CC0)";;
56e6802a-32e4-4efc-a572-c4ec30c08f33;Building;dd5fb8ca-f314-4dbe-ae24-12a23bf57195;26/10/2016 14:48:58;6c9f4972-d510-4e68-a525-18e8a3ff27f0;08/04/2019 12:58:16;"Skansens byggnader (Skansen) [sv]";;"Published";"Uthuset, Folkets hus, Skansen [sv]";;;;;;;;;;;"Museal byggnad [sv]";;;;;;"Folkets Hus, Skansen (Museal byggnadsmiljö) [sv]";;;;;;;;;;;;;;;;;;"Skansen Primus ObjektId: 42717|Skansen Primus Identifikationsnummer: SKABYG.0061202";;;;"No";;;"Public Domain Dedication (CC0)";;
547f05b4-ef6a-41de-8c9b-d2ad6f21fcb5;Building;dd5fb8ca-f314-4dbe-ae24-12a23bf57195;26/10/2016 14:48:57;6c9f4972-d510-4e68-a525-18e8a3ff27f0;08/04/2019 12:59:02;"Skansens byggnader (Skansen) [sv]";;"Published";"Uthuset, Missionshuset, Skansen [sv]";;;;;;;;;;;"Museal byggnad [sv]";;;;;;"Missionshuset, Skansen (Museal byggnadsmiljö) [sv]";;;;;;;;;;;;;;;;;;"Skansen Primus ObjektId: 42853|Skansen Primus Identifikationsnummer: SKABYG.0060302";;;;"No";;;"Public Domain Dedication (CC0)";;
ff657e06-3569-44ca-b796-e280821aecd3;Building;dd5fb8ca-f314-4dbe-ae24-12a23bf57195;26/10/2016 14:48:55;6c9f4972-d510-4e68-a525-18e8a3ff27f0;08/04/2019 12:11:21;"Skansens byggnader (Skansen) [sv]";;"Published";"Uthuset, Ordenshuset, IOGT, Skansen [sv]";;;;;;;;;;;"Museal byggnad [sv]";;;;;;"Ordenshuset, IOGT, Skansen (Museal byggnadsmiljö) [sv]";;;;;;;;;;;;;;;;;;"Skansen Primus ObjektId: 42955|Skansen Primus Identifikationsnummer: SKABYG.0060102";;;;"No";;;"Public Domain Dedication (CC0)";;
661217f5-4862-470a-a0d7-05e6cc8c9a98;Building;dd5fb8ca-f314-4dbe-ae24-12a23bf57195;26/10/2016 14:49:05;6c9f4972-d510-4e68-a525-18e8a3ff27f0;08/04/2019 12:59:46;"Skansens byggnader (Skansen) [sv]";;"Published";"Uthuset, Statarlängan, Skansen [sv]";;;;;;;;;;;"Museal byggnad [sv]";;;;;;"Statarlängan, Skansen (Museal byggnadsmiljö) [sv]";;;;;;;;;;;;;;;;;;"Skansen Primus ObjektId: 67472|Skansen Primus Identifikationsnummer: SKABYG.0080702";;;;"No";;;"Public Domain Dedication (CC0)";;
66243f53-1997-4380-8a96-331cf083a19a;Building;dd5fb8ca-f314-4dbe-ae24-12a23bf57195;26/10/2016 14:49:02;6c9f4972-d510-4e68-a525-18e8a3ff27f0;08/04/2019 12:56:36;"Skansens byggnader (Skansen) [sv]";;"Published";"Uthuset, Väla skola, Skansen [sv]";;;;;;;;;;;"Museal byggnad [sv]";;;;;;"Väla skola, Skansen (Museal byggnadsmiljö) [sv]";;;;;;;;;;;;;;;;;;"Skansen Primus ObjektId: 67501|Skansen Primus Identifikationsnummer: SKABYG.0070702";;;;"No";;;"Public Domain Dedication (CC0)";;
996238a0-5d7a-47f7-933e-c360ddeff17e;Building;dd5fb8ca-f314-4dbe-ae24-12a23bf57195;26/10/2016 14:48:54;7b89c094-da28-4fdb-bcd2-ce0db0df923e;26/09/2017 15:59:08;"Skansens byggnader (Skansen) [sv]";;"Published";"Vadmalsstampen, Skansen [sv]";;;;;;;;;;;"Museal byggnad [sv]";;;;;;"Vadmalsstampen, Skansen (Museal byggnadsmiljö) [sv]";;;;;;;;;;;;;;;;;;"Skansen Primus ObjektId: 67492|Skansen Primus Identifikationsnummer: SKABYG.0032201";;;;"No";;;"Public Domain Dedication (CC0)";;
57950f93-cc71-4c81-a12c-12d9b37b02d9;Building;dd5fb8ca-f314-4dbe-ae24-12a23bf57195;26/10/2016 14:49:05;6c9f4972-d510-4e68-a525-18e8a3ff27f0;08/04/2019 14:07:42;"Skansens byggnader (Skansen) [sv]";;"Published";"Vällingklockan, Statarlängan, Skansen [sv]";;;;;;;;;;;"Museal byggnad [sv]";;;;;;"Statarlängan, Skansen (Museal byggnadsmiljö) [sv]";;;;"https://www.wikidata.org/wiki/Q60198296";;;;;;;;;;;;;;"Skansen Primus ObjektId: 67474|Skansen Primus Identifikationsnummer: SKABYG.0080704";;;;"No";;;"Public Domain Dedication (CC0)";;
df2ceea9-31d7-4703-92d4-01dd1b5f0942;Building;dd5fb8ca-f314-4dbe-ae24-12a23bf57195;26/10/2016 14:48:56;d60be37a-1a45-4aa8-819b-4db938095dda;12/07/2022 09:28:15;"Skansens byggnader (Skansen) [sv]";;"Published";"Vasslandsboden, Bergsmansgården, Skansen [sv]";;;;;;;;;;;"Museal byggnad [sv]";;;;;"";"Bergsmansgården, Skansen (Museal byggnadsmiljö) [sv]";;;;;"https://www.wikidata.org/wiki/Q60557815";;;;;;;;;;;;;"Skansen Primus ObjektId: 42623|Skansen Primus Identifikationsnummer: SKABYG.0060204";;;;"No";;;"Public Domain Dedication (CC0)";;
ef9699f9-ae24-4753-8510-c1d9e0fb7989;Building;dd5fb8ca-f314-4dbe-ae24-12a23bf57195;26/10/2016 14:48:50;6c9f4972-d510-4e68-a525-18e8a3ff27f0;10/10/2018 10:53:30;"Skansens byggnader (Skansen) [sv]";;"Published";"Västerängsstugan, Delsbogården, Skansen [sv]";;;;;;;;;;;"Museal byggnad [sv]";;;;;;"Delsbogården, Skansen (Museal byggnadsmiljö) [sv]";;;;;;;;;;;;;;;;;;"Skansen Primus ObjektId: 46676|Skansen Primus Identifikationsnummer: SKABYG.0031401";;;;"No";;;"Public Domain Dedication (CC0)";;
5871a647-2810-4da7-a7fa-fc5743c7296b;Building;dd5fb8ca-f314-4dbe-ae24-12a23bf57195;26/10/2016 14:48:59;6c9f4972-d510-4e68-a525-18e8a3ff27f0;08/04/2019 10:39:50;"Skansens byggnader (Skansen) [sv]";;"Published";"Västra loglängan, Oktorpsgården, Skansen [sv]";;;;;;;;;;;"Museal byggnad [sv]";;;;;;"Oktorpsgården, Skansen (Museal byggnadsmiljö) [sv]";;;;;;;;;;;;;;;;;;"Skansen Primus ObjektId: 67295|Skansen Primus Identifikationsnummer: SKABYG.0070102";;;;"No";;;"Public Domain Dedication (CC0)";;
a341874e-d91f-4024-b3a6-61c8435c2557;Building;dd5fb8ca-f314-4dbe-ae24-12a23bf57195;26/10/2016 14:49:02;6c9f4972-d510-4e68-a525-18e8a3ff27f0;09/10/2018 13:54:19;"Skansens byggnader (Skansen) [sv]";;"Published";"Västra loglängan, Skånegården, Skansen [sv]";;;;;;;;;;;"Museal byggnad [sv]";;;;;;"Skånegården, Skansen (Museal byggnadsmiljö) [sv]";;;;;;;;;;;;;;;;;;"Skansen Primus ObjektId: 67444|Skansen Primus Identifikationsnummer: SKABYG.0070602";;;;"No";;;"Public Domain Dedication (CC0)";;
99e625c8-c4e7-4ad4-8593-6ad47cb16061;Building;dd5fb8ca-f314-4dbe-ae24-12a23bf57195;26/10/2016 14:49:07;6c9f4972-d510-4e68-a525-18e8a3ff27f0;25/09/2018 11:20:30;"Skansens byggnader (Skansen) [sv]";;"Published";"Västra paviljongen, Skogaholms herrgård, Skansen [sv]";;;;;;;;;;;"Museal byggnad [sv]";;;;;;"Skogaholm, Skansen (Museal byggnadsmiljö) [sv]";;;;;;;;;;;;;;;;;;"Skansen Primus ObjektId: 67335|Skansen Primus Identifikationsnummer: SKABYG.0080805";;;;"No";;;"Public Domain Dedication (CC0)";;
397af998-5263-468e-aeb8-cd67d1038c83;Building;dd5fb8ca-f314-4dbe-ae24-12a23bf57195;26/10/2016 14:48:49;7b89c094-da28-4fdb-bcd2-ce0db0df923e;26/09/2017 15:59:09;"Skansens byggnader (Skansen) [sv]";;"Published";"Vastveitloftet, Skansen [sv]";;;;;;;;;;;"Museal byggnad [sv]";;;;;;"Vastveitloftet, Skansen (Museal byggnadsmiljö) [sv]";;;;;;;;;;;;;;;;;;"Skansen Primus ObjektId: 42266|Skansen Primus Identifikationsnummer: SKABYG.0031201";;;;"No";;;"Public Domain Dedication (CC0)";;
832eaba2-0549-43c6-95f7-a2d6e7ee0e03;Building;dd5fb8ca-f314-4dbe-ae24-12a23bf57195;26/10/2016 14:49:00;6c9f4972-d510-4e68-a525-18e8a3ff27f0;08/04/2019 11:02:17;"Skansens byggnader (Skansen) [sv]";;"Published";"Vedboden, Oktorpsgården, Skansen [sv]";;;;;;;;;;;"Museal byggnad [sv]";;;;;;"Oktorpsgården, Skansen (Museal byggnadsmiljö) [sv]";;;;;;;;;;;;;;;;;;"Skansen Primus ObjektId: 67301|Skansen Primus Identifikationsnummer: SKABYG.0070108";;;;"No";;;"Public Domain Dedication (CC0)";;
34072c3b-3824-48e7-a163-6819b9c4679f;Building;dd5fb8ca-f314-4dbe-ae24-12a23bf57195;26/10/2016 14:48:33;6c9f4972-d510-4e68-a525-18e8a3ff27f0;08/04/2019 14:05:52;"Skansens byggnader (Skansen) [sv]";;"Published";"Verkstaden, Glashyttan, Skansen [sv]";;;;;;;;;;;"Museal byggnad [sv]";;;;;;"Glashyttan, Skansen (Museal byggnadsmiljö) [sv]";;;;;;;;;;;;;;;;;;"Skansen Primus ObjektId: 42251|Skansen Primus Identifikationsnummer: SKABYG.0011502";;;;"No";;;"Public Domain Dedication (CC0)";;
7e18f21f-9594-4e77-bf76-379bcae09351;Building;dd5fb8ca-f314-4dbe-ae24-12a23bf57195;26/10/2016 14:48:43;6c9f4972-d510-4e68-a525-18e8a3ff27f0;25/02/2019 15:40:43;"Skansens byggnader (Skansen) [sv]";;"Published";"Vikaladan, Moragården, Skansen [sv]";;;;;;;;;;;"Museal byggnad [sv]";;;;;;"Moragården, Skansen (Museal byggnadsmiljö) [sv]";;;;;;;;;;;;;;;;;;"Skansen Primus ObjektId: 67281|Skansen Primus Identifikationsnummer: SKABYG.0030508";;;;"No";;;"Public Domain Dedication (CC0)";;
63a24bc3-204f-4c43-b4b4-1dd73002c22e;Building;dd5fb8ca-f314-4dbe-ae24-12a23bf57195;26/10/2016 14:49:00;7b89c094-da28-4fdb-bcd2-ce0db0df923e;26/09/2017 15:59:09;"Skansens byggnader (Skansen) [sv]";;"Published";"Virserumsboden, Skansen [sv]";;;;;;;;;;;"Museal byggnad [sv]";;;;;;"Virserumsboden, Skansen (Museal byggnadsmiljö) [sv]";;;;;;;;;;;;;;;;;;"Skansen Primus ObjektId: 67494|Skansen Primus Identifikationsnummer: SKABYG.0070201";;;;"No";;;"Public Domain Dedication (CC0)";;
96823f20-6855-4ce6-afd8-1e632376d182;Building;dd5fb8ca-f314-4dbe-ae24-12a23bf57195;26/10/2016 14:48:56;d60be37a-1a45-4aa8-819b-4db938095dda;12/07/2022 09:26:31;"Skansens byggnader (Skansen) [sv]";;"Published";"Yrstatorpsboden, Bergsmansgården, Skansen [sv]";;;;;;;;;;;"Museal byggnad [sv]";;;;;"";"Bergsmansgården, Skansen (Museal byggnadsmiljö) [sv]";;;;;"https://www.wikidata.org/wiki/Q60557894";;;;;;;;;;;;;"Skansen Primus ObjektId: 42622|Skansen Primus Identifikationsnummer: SKABYG.0060203";;;;"No";;;"Public Domain Dedication (CC0)";;
